Method,nlist,m,nprobe,L,Recall,Latency(us)
IVF-PQ(Serial)+Rerank,nlist=128,m=16,nprobe=4,L=100,0.7475,81
IVF-PQ(Serial)+Rerank,nlist=128,m=16,nprobe=4,L=200,0.826,94
IVF-PQ(Serial)+Rerank,nlist=128,m=16,nprobe=4,L=500,0.869,166
IVF-PQ(Serial)+Rerank,nlist=128,m=16,nprobe=8,L=100,0.705,138
IVF-PQ(Serial)+Rerank,nlist=128,m=16,nprobe=8,L=200,0.822,147
IVF-PQ(Serial)+Rerank,nlist=128,m=16,nprobe=8,L=500,0.917,200
IVF-PQ(Serial)+Rerank,nlist=128,m=16,nprobe=12,L=100,0.658,177
IVF-PQ(Serial)+Rerank,nlist=128,m=16,nprobe=12,L=200,0.795,192
IVF-PQ(Serial)+Rerank,nlist=128,m=16,nprobe=12,L=500,0.9165,238
IVF-PQ(Serial)+Rerank,nlist=128,m=16,nprobe=16,L=100,0.6145,252
IVF-PQ(Serial)+Rerank,nlist=128,m=16,nprobe=16,L=200,0.768,275
IVF-PQ(Serial)+Rerank,nlist=128,m=16,nprobe=16,L=500,0.9065,286
IVF-PQ(Serial)+Rerank,nlist=128,m=16,nprobe=20,L=100,0.5845,252
IVF-PQ(Serial)+Rerank,nlist=128,m=16,nprobe=20,L=200,0.739,303
IVF-PQ(Serial)+Rerank,nlist=128,m=16,nprobe=20,L=500,0.8905,341
IVF-PQ(Serial)+Rerank,nlist=128,m=16,nprobe=24,L=100,0.5575,296
IVF-PQ(Serial)+Rerank,nlist=128,m=16,nprobe=24,L=200,0.7155,332
IVF-PQ(Serial)+Rerank,nlist=128,m=16,nprobe=24,L=500,0.8675,373
IVF-PQ(Serial)+Rerank,nlist=128,m=16,nprobe=32,L=100,0.5255,413
IVF-PQ(Serial)+Rerank,nlist=128,m=16,nprobe=32,L=200,0.681,406
IVF-PQ(Serial)+Rerank,nlist=128,m=16,nprobe=32,L=500,0.84,466
IVF-PQ(Serial)+Rerank,nlist=128,m=16,nprobe=64,L=100,0.4455,735
IVF-PQ(Serial)+Rerank,nlist=128,m=16,nprobe=64,L=200,0.593,779
IVF-PQ(Serial)+Rerank,nlist=128,m=16,nprobe=64,L=500,0.7755,860
IVF-PQ(Serial)+Rerank,nlist=128,m=16,nprobe=128,L=100,0.3885,1686
IVF-PQ(Serial)+Rerank,nlist=128,m=16,nprobe=128,L=200,0.5095,1771
IVF-PQ(Serial)+Rerank,nlist=128,m=16,nprobe=128,L=500,0.6965,1966
IVF-PQ(Serial)+Rerank,nlist=128,m=32,nprobe=4,L=100,0.7735,137
IVF-PQ(Serial)+Rerank,nlist=128,m=32,nprobe=4,L=200,0.8405,152
IVF-PQ(Serial)+Rerank,nlist=128,m=32,nprobe=4,L=500,0.8705,218
IVF-PQ(Serial)+Rerank,nlist=128,m=32,nprobe=8,L=100,0.757,227
IVF-PQ(Serial)+Rerank,nlist=128,m=32,nprobe=8,L=200,0.852,277
IVF-PQ(Serial)+Rerank,nlist=128,m=32,nprobe=8,L=500,0.926,362
IVF-PQ(Serial)+Rerank,nlist=128,m=32,nprobe=12,L=100,0.7195,378
IVF-PQ(Serial)+Rerank,nlist=128,m=32,nprobe=12,L=200,0.8395,313
IVF-PQ(Serial)+Rerank,nlist=128,m=32,nprobe=12,L=500,0.9335,452
IVF-PQ(Serial)+Rerank,nlist=128,m=32,nprobe=16,L=100,0.6775,557
IVF-PQ(Serial)+Rerank,nlist=128,m=32,nprobe=16,L=200,0.8125,493
IVF-PQ(Serial)+Rerank,nlist=128,m=32,nprobe=16,L=500,0.931,627
IVF-PQ(Serial)+Rerank,nlist=128,m=32,nprobe=20,L=100,0.642,473
IVF-PQ(Serial)+Rerank,nlist=128,m=32,nprobe=20,L=200,0.7935,552
IVF-PQ(Serial)+Rerank,nlist=128,m=32,nprobe=20,L=500,0.9185,560
IVF-PQ(Serial)+Rerank,nlist=128,m=32,nprobe=24,L=100,0.609,603
IVF-PQ(Serial)+Rerank,nlist=128,m=32,nprobe=24,L=200,0.769,693
IVF-PQ(Serial)+Rerank,nlist=128,m=32,nprobe=24,L=500,0.9095,642
IVF-PQ(Serial)+Rerank,nlist=128,m=32,nprobe=32,L=100,0.578,812
IVF-PQ(Serial)+Rerank,nlist=128,m=32,nprobe=32,L=200,0.735,810
IVF-PQ(Serial)+Rerank,nlist=128,m=32,nprobe=32,L=500,0.8885,805
IVF-PQ(Serial)+Rerank,nlist=128,m=32,nprobe=64,L=100,0.5025,1479
IVF-PQ(Serial)+Rerank,nlist=128,m=32,nprobe=64,L=200,0.6535,1493
IVF-PQ(Serial)+Rerank,nlist=128,m=32,nprobe=64,L=500,0.8225,1745
IVF-PQ(Serial)+Rerank,nlist=128,m=32,nprobe=128,L=100,0.435,2786
IVF-PQ(Serial)+Rerank,nlist=128,m=32,nprobe=128,L=200,0.577,2830
IVF-PQ(Serial)+Rerank,nlist=128,m=32,nprobe=128,L=500,0.7355,2911
IVF-PQ(Serial)+Rerank,nlist=128,m=48,nprobe=4,L=100,0.7785,207
IVF-PQ(Serial)+Rerank,nlist=128,m=48,nprobe=4,L=200,0.8395,262
IVF-PQ(Serial)+Rerank,nlist=128,m=48,nprobe=4,L=500,0.87,376
IVF-PQ(Serial)+Rerank,nlist=128,m=48,nprobe=8,L=100,0.7595,360
IVF-PQ(Serial)+Rerank,nlist=128,m=48,nprobe=8,L=200,0.856,330
IVF-PQ(Serial)+Rerank,nlist=128,m=48,nprobe=8,L=500,0.928,393
IVF-PQ(Serial)+Rerank,nlist=128,m=48,nprobe=12,L=100,0.7255,414
IVF-PQ(Serial)+Rerank,nlist=128,m=48,nprobe=12,L=200,0.839,468
IVF-PQ(Serial)+Rerank,nlist=128,m=48,nprobe=12,L=500,0.936,485
IVF-PQ(Serial)+Rerank,nlist=128,m=48,nprobe=16,L=100,0.686,523
IVF-PQ(Serial)+Rerank,nlist=128,m=48,nprobe=16,L=200,0.825,590
IVF-PQ(Serial)+Rerank,nlist=128,m=48,nprobe=16,L=500,0.9305,659
IVF-PQ(Serial)+Rerank,nlist=128,m=48,nprobe=20,L=100,0.652,745
IVF-PQ(Serial)+Rerank,nlist=128,m=48,nprobe=20,L=200,0.799,734
IVF-PQ(Serial)+Rerank,nlist=128,m=48,nprobe=20,L=500,0.921,851
IVF-PQ(Serial)+Rerank,nlist=128,m=48,nprobe=24,L=100,0.622,814
IVF-PQ(Serial)+Rerank,nlist=128,m=48,nprobe=24,L=200,0.772,794
IVF-PQ(Serial)+Rerank,nlist=128,m=48,nprobe=24,L=500,0.907,1046
IVF-PQ(Serial)+Rerank,nlist=128,m=48,nprobe=32,L=100,0.588,1050
IVF-PQ(Serial)+Rerank,nlist=128,m=48,nprobe=32,L=200,0.7435,1154
IVF-PQ(Serial)+Rerank,nlist=128,m=48,nprobe=32,L=500,0.89,1199
IVF-PQ(Serial)+Rerank,nlist=128,m=48,nprobe=64,L=100,0.5145,2190
IVF-PQ(Serial)+Rerank,nlist=128,m=48,nprobe=64,L=200,0.6615,1986
IVF-PQ(Serial)+Rerank,nlist=128,m=48,nprobe=64,L=500,0.829,2023
IVF-PQ(Serial)+Rerank,nlist=128,m=48,nprobe=128,L=100,0.446,4296
IVF-PQ(Serial)+Rerank,nlist=128,m=48,nprobe=128,L=200,0.5855,4803
IVF-PQ(Serial)+Rerank,nlist=128,m=48,nprobe=128,L=500,0.7445,4944
IVF-PQ(Serial)+Rerank,nlist=128,m=8,nprobe=4,L=100,0.658,80
IVF-PQ(Serial)+Rerank,nlist=128,m=8,nprobe=4,L=200,0.7555,94
IVF-PQ(Serial)+Rerank,nlist=128,m=8,nprobe=4,L=500,0.853,154
IVF-PQ(Serial)+Rerank,nlist=128,m=8,nprobe=8,L=100,0.5975,97
IVF-PQ(Serial)+Rerank,nlist=128,m=8,nprobe=8,L=200,0.7355,189
IVF-PQ(Serial)+Rerank,nlist=128,m=8,nprobe=8,L=500,0.865,219
IVF-PQ(Serial)+Rerank,nlist=128,m=8,nprobe=12,L=100,0.539,138
IVF-PQ(Serial)+Rerank,nlist=128,m=8,nprobe=12,L=200,0.6905,170
IVF-PQ(Serial)+Rerank,nlist=128,m=8,nprobe=12,L=500,0.841,223
IVF-PQ(Serial)+Rerank,nlist=128,m=8,nprobe=16,L=100,0.498,182
IVF-PQ(Serial)+Rerank,nlist=128,m=8,nprobe=16,L=200,0.6575,194
IVF-PQ(Serial)+Rerank,nlist=128,m=8,nprobe=16,L=500,0.825,281
IVF-PQ(Serial)+Rerank,nlist=128,m=8,nprobe=20,L=100,0.4685,241
IVF-PQ(Serial)+Rerank,nlist=128,m=8,nprobe=20,L=200,0.623,281
IVF-PQ(Serial)+Rerank,nlist=128,m=8,nprobe=20,L=500,0.8,452
IVF-PQ(Serial)+Rerank,nlist=128,m=8,nprobe=24,L=100,0.4395,303
IVF-PQ(Serial)+Rerank,nlist=128,m=8,nprobe=24,L=200,0.588,331
IVF-PQ(Serial)+Rerank,nlist=128,m=8,nprobe=24,L=500,0.7805,457
IVF-PQ(Serial)+Rerank,nlist=128,m=8,nprobe=32,L=100,0.4065,426
IVF-PQ(Serial)+Rerank,nlist=128,m=8,nprobe=32,L=200,0.549,450
IVF-PQ(Serial)+Rerank,nlist=128,m=8,nprobe=32,L=500,0.749,599
IVF-PQ(Serial)+Rerank,nlist=128,m=8,nprobe=64,L=100,0.332,765
IVF-PQ(Serial)+Rerank,nlist=128,m=8,nprobe=64,L=200,0.4605,739
IVF-PQ(Serial)+Rerank,nlist=128,m=8,nprobe=64,L=500,0.6495,741
IVF-PQ(Serial)+Rerank,nlist=128,m=8,nprobe=128,L=100,0.277,1482
IVF-PQ(Serial)+Rerank,nlist=128,m=8,nprobe=128,L=200,0.3915,1408
IVF-PQ(Serial)+Rerank,nlist=128,m=8,nprobe=128,L=500,0.571,1561
IVF-PQ(Serial)+Rerank,nlist=256,m=16,nprobe=4,L=100,0.7415,61
IVF-PQ(Serial)+Rerank,nlist=256,m=16,nprobe=4,L=200,0.7965,87
IVF-PQ(Serial)+Rerank,nlist=256,m=16,nprobe=4,L=500,0.8165,147
IVF-PQ(Serial)+Rerank,nlist=256,m=16,nprobe=8,L=100,0.731,106
IVF-PQ(Serial)+Rerank,nlist=256,m=16,nprobe=8,L=200,0.8375,109
IVF-PQ(Serial)+Rerank,nlist=256,m=16,nprobe=8,L=500,0.8995,189
IVF-PQ(Serial)+Rerank,nlist=256,m=16,nprobe=12,L=100,0.683,120
IVF-PQ(Serial)+Rerank,nlist=256,m=16,nprobe=12,L=200,0.8195,178
IVF-PQ(Serial)+Rerank,nlist=256,m=16,nprobe=12,L=500,0.9215,270
IVF-PQ(Serial)+Rerank,nlist=256,m=16,nprobe=16,L=100,0.653,183
IVF-PQ(Serial)+Rerank,nlist=256,m=16,nprobe=16,L=200,0.7925,177
IVF-PQ(Serial)+Rerank,nlist=256,m=16,nprobe=16,L=500,0.9225,274
IVF-PQ(Serial)+Rerank,nlist=256,m=16,nprobe=20,L=100,0.6185,228
IVF-PQ(Serial)+Rerank,nlist=256,m=16,nprobe=20,L=200,0.769,231
IVF-PQ(Serial)+Rerank,nlist=256,m=16,nprobe=20,L=500,0.9185,282
IVF-PQ(Serial)+Rerank,nlist=256,m=16,nprobe=24,L=100,0.5915,180
IVF-PQ(Serial)+Rerank,nlist=256,m=16,nprobe=24,L=200,0.745,251
IVF-PQ(Serial)+Rerank,nlist=256,m=16,nprobe=24,L=500,0.905,667
IVF-PQ(Serial)+Rerank,nlist=256,m=16,nprobe=32,L=100,0.551,216
IVF-PQ(Serial)+Rerank,nlist=256,m=16,nprobe=32,L=200,0.702,395
IVF-PQ(Serial)+Rerank,nlist=256,m=16,nprobe=32,L=500,0.879,437
IVF-PQ(Serial)+Rerank,nlist=256,m=16,nprobe=64,L=100,0.454,528
IVF-PQ(Serial)+Rerank,nlist=256,m=16,nprobe=64,L=200,0.6,528
IVF-PQ(Serial)+Rerank,nlist=256,m=16,nprobe=64,L=500,0.799,665
IVF-PQ(Serial)+Rerank,nlist=256,m=16,nprobe=128,L=100,0.3745,977
IVF-PQ(Serial)+Rerank,nlist=256,m=16,nprobe=128,L=200,0.5115,910
IVF-PQ(Serial)+Rerank,nlist=256,m=16,nprobe=128,L=500,0.7045,1025
IVF-PQ(Serial)+Rerank,nlist=256,m=32,nprobe=4,L=100,0.765,118
IVF-PQ(Serial)+Rerank,nlist=256,m=32,nprobe=4,L=200,0.8045,138
IVF-PQ(Serial)+Rerank,nlist=256,m=32,nprobe=4,L=500,0.816,419
IVF-PQ(Serial)+Rerank,nlist=256,m=32,nprobe=8,L=100,0.772,182
IVF-PQ(Serial)+Rerank,nlist=256,m=32,nprobe=8,L=200,0.8615,158
IVF-PQ(Serial)+Rerank,nlist=256,m=32,nprobe=8,L=500,0.9075,312
IVF-PQ(Serial)+Rerank,nlist=256,m=32,nprobe=12,L=100,0.735,186
IVF-PQ(Serial)+Rerank,nlist=256,m=32,nprobe=12,L=200,0.857,275
IVF-PQ(Serial)+Rerank,nlist=256,m=32,nprobe=12,L=500,0.9295,286
IVF-PQ(Serial)+Rerank,nlist=256,m=32,nprobe=16,L=100,0.695,308
IVF-PQ(Serial)+Rerank,nlist=256,m=32,nprobe=16,L=200,0.8395,312
IVF-PQ(Serial)+Rerank,nlist=256,m=32,nprobe=16,L=500,0.933,374
IVF-PQ(Serial)+Rerank,nlist=256,m=32,nprobe=20,L=100,0.6685,405
IVF-PQ(Serial)+Rerank,nlist=256,m=32,nprobe=20,L=200,0.819,418
IVF-PQ(Serial)+Rerank,nlist=256,m=32,nprobe=20,L=500,0.9305,429
IVF-PQ(Serial)+Rerank,nlist=256,m=32,nprobe=24,L=100,0.6475,374
IVF-PQ(Serial)+Rerank,nlist=256,m=32,nprobe=24,L=200,0.8005,362
IVF-PQ(Serial)+Rerank,nlist=256,m=32,nprobe=24,L=500,0.9305,463
IVF-PQ(Serial)+Rerank,nlist=256,m=32,nprobe=32,L=100,0.6005,533
IVF-PQ(Serial)+Rerank,nlist=256,m=32,nprobe=32,L=200,0.762,610
IVF-PQ(Serial)+Rerank,nlist=256,m=32,nprobe=32,L=500,0.912,558
IVF-PQ(Serial)+Rerank,nlist=256,m=32,nprobe=64,L=100,0.499,776
IVF-PQ(Serial)+Rerank,nlist=256,m=32,nprobe=64,L=200,0.6585,833
IVF-PQ(Serial)+Rerank,nlist=256,m=32,nprobe=64,L=500,0.849,1103
IVF-PQ(Serial)+Rerank,nlist=256,m=32,nprobe=128,L=100,0.43,1522
IVF-PQ(Serial)+Rerank,nlist=256,m=32,nprobe=128,L=200,0.5635,1909
IVF-PQ(Serial)+Rerank,nlist=256,m=32,nprobe=128,L=500,0.7685,1568
IVF-PQ(Serial)+Rerank,nlist=256,m=48,nprobe=4,L=100,0.7715,211
IVF-PQ(Serial)+Rerank,nlist=256,m=48,nprobe=4,L=200,0.8095,233
IVF-PQ(Serial)+Rerank,nlist=256,m=48,nprobe=4,L=500,0.822,372
IVF-PQ(Serial)+Rerank,nlist=256,m=48,nprobe=8,L=100,0.778,186
IVF-PQ(Serial)+Rerank,nlist=256,m=48,nprobe=8,L=200,0.866,188
IVF-PQ(Serial)+Rerank,nlist=256,m=48,nprobe=8,L=500,0.913,362
IVF-PQ(Serial)+Rerank,nlist=256,m=48,nprobe=12,L=100,0.741,235
IVF-PQ(Serial)+Rerank,nlist=256,m=48,nprobe=12,L=200,0.86,282
IVF-PQ(Serial)+Rerank,nlist=256,m=48,nprobe=12,L=500,0.933,399
IVF-PQ(Serial)+Rerank,nlist=256,m=48,nprobe=16,L=100,0.7065,369
IVF-PQ(Serial)+Rerank,nlist=256,m=48,nprobe=16,L=200,0.8475,311
IVF-PQ(Serial)+Rerank,nlist=256,m=48,nprobe=16,L=500,0.938,437
IVF-PQ(Serial)+Rerank,nlist=256,m=48,nprobe=20,L=100,0.6825,439
IVF-PQ(Serial)+Rerank,nlist=256,m=48,nprobe=20,L=200,0.8255,383
IVF-PQ(Serial)+Rerank,nlist=256,m=48,nprobe=20,L=500,0.933,503
IVF-PQ(Serial)+Rerank,nlist=256,m=48,nprobe=24,L=100,0.6475,546
IVF-PQ(Serial)+Rerank,nlist=256,m=48,nprobe=24,L=200,0.7995,598
IVF-PQ(Serial)+Rerank,nlist=256,m=48,nprobe=24,L=500,0.9305,603
IVF-PQ(Serial)+Rerank,nlist=256,m=48,nprobe=32,L=100,0.6125,677
IVF-PQ(Serial)+Rerank,nlist=256,m=48,nprobe=32,L=200,0.771,574
IVF-PQ(Serial)+Rerank,nlist=256,m=48,nprobe=32,L=500,0.9205,765
IVF-PQ(Serial)+Rerank,nlist=256,m=48,nprobe=64,L=100,0.5035,1140
IVF-PQ(Serial)+Rerank,nlist=256,m=48,nprobe=64,L=200,0.6645,1277
IVF-PQ(Serial)+Rerank,nlist=256,m=48,nprobe=64,L=500,0.8485,1272
IVF-PQ(Serial)+Rerank,nlist=256,m=48,nprobe=128,L=100,0.4305,2474
IVF-PQ(Serial)+Rerank,nlist=256,m=48,nprobe=128,L=200,0.566,2280
IVF-PQ(Serial)+Rerank,nlist=256,m=48,nprobe=128,L=500,0.7795,2566
IVF-PQ(Serial)+Rerank,nlist=256,m=8,nprobe=4,L=100,0.6705,73
IVF-PQ(Serial)+Rerank,nlist=256,m=8,nprobe=4,L=200,0.7595,100
IVF-PQ(Serial)+Rerank,nlist=256,m=8,nprobe=4,L=500,0.8085,168
IVF-PQ(Serial)+Rerank,nlist=256,m=8,nprobe=8,L=100,0.635,92
IVF-PQ(Serial)+Rerank,nlist=256,m=8,nprobe=8,L=200,0.761,368
IVF-PQ(Serial)+Rerank,nlist=256,m=8,nprobe=8,L=500,0.878,160
IVF-PQ(Serial)+Rerank,nlist=256,m=8,nprobe=12,L=100,0.59,101
IVF-PQ(Serial)+Rerank,nlist=256,m=8,nprobe=12,L=200,0.732,155
IVF-PQ(Serial)+Rerank,nlist=256,m=8,nprobe=12,L=500,0.876,285
IVF-PQ(Serial)+Rerank,nlist=256,m=8,nprobe=16,L=100,0.5435,202
IVF-PQ(Serial)+Rerank,nlist=256,m=8,nprobe=16,L=200,0.6895,167
IVF-PQ(Serial)+Rerank,nlist=256,m=8,nprobe=16,L=500,0.856,257
IVF-PQ(Serial)+Rerank,nlist=256,m=8,nprobe=20,L=100,0.518,149
IVF-PQ(Serial)+Rerank,nlist=256,m=8,nprobe=20,L=200,0.6665,157
IVF-PQ(Serial)+Rerank,nlist=256,m=8,nprobe=20,L=500,0.838,294
IVF-PQ(Serial)+Rerank,nlist=256,m=8,nprobe=24,L=100,0.498,181
IVF-PQ(Serial)+Rerank,nlist=256,m=8,nprobe=24,L=200,0.6415,172
IVF-PQ(Serial)+Rerank,nlist=256,m=8,nprobe=24,L=500,0.821,219
IVF-PQ(Serial)+Rerank,nlist=256,m=8,nprobe=32,L=100,0.45,219
IVF-PQ(Serial)+Rerank,nlist=256,m=8,nprobe=32,L=200,0.5895,218
IVF-PQ(Serial)+Rerank,nlist=256,m=8,nprobe=32,L=500,0.786,426
IVF-PQ(Serial)+Rerank,nlist=256,m=8,nprobe=64,L=100,0.3535,322
IVF-PQ(Serial)+Rerank,nlist=256,m=8,nprobe=64,L=200,0.4905,422
IVF-PQ(Serial)+Rerank,nlist=256,m=8,nprobe=64,L=500,0.6785,593
IVF-PQ(Serial)+Rerank,nlist=256,m=8,nprobe=128,L=100,0.2825,710
IVF-PQ(Serial)+Rerank,nlist=256,m=8,nprobe=128,L=200,0.398,727
IVF-PQ(Serial)+Rerank,nlist=256,m=8,nprobe=128,L=500,0.5825,809
IVF-PQ(Serial)+Rerank,nlist=512,m=16,nprobe=4,L=100,0.703,58
IVF-PQ(Serial)+Rerank,nlist=512,m=16,nprobe=4,L=200,0.7405,124
IVF-PQ(Serial)+Rerank,nlist=512,m=16,nprobe=4,L=500,0.748,165
IVF-PQ(Serial)+Rerank,nlist=512,m=16,nprobe=8,L=100,0.745,97
IVF-PQ(Serial)+Rerank,nlist=512,m=16,nprobe=8,L=200,0.8235,142
IVF-PQ(Serial)+Rerank,nlist=512,m=16,nprobe=8,L=500,0.863,194
IVF-PQ(Serial)+Rerank,nlist=512,m=16,nprobe=12,L=100,0.727,112
IVF-PQ(Serial)+Rerank,nlist=512,m=16,nprobe=12,L=200,0.832,143
IVF-PQ(Serial)+Rerank,nlist=512,m=16,nprobe=12,L=500,0.9,232
IVF-PQ(Serial)+Rerank,nlist=512,m=16,nprobe=16,L=100,0.7085,127
IVF-PQ(Serial)+Rerank,nlist=512,m=16,nprobe=16,L=200,0.8275,129
IVF-PQ(Serial)+Rerank,nlist=512,m=16,nprobe=16,L=500,0.9175,262
IVF-PQ(Serial)+Rerank,nlist=512,m=16,nprobe=20,L=100,0.6745,117
IVF-PQ(Serial)+Rerank,nlist=512,m=16,nprobe=20,L=200,0.805,178
IVF-PQ(Serial)+Rerank,nlist=512,m=16,nprobe=20,L=500,0.9165,230
IVF-PQ(Serial)+Rerank,nlist=512,m=16,nprobe=24,L=100,0.644,150
IVF-PQ(Serial)+Rerank,nlist=512,m=16,nprobe=24,L=200,0.787,193
IVF-PQ(Serial)+Rerank,nlist=512,m=16,nprobe=24,L=500,0.9165,250
IVF-PQ(Serial)+Rerank,nlist=512,m=16,nprobe=32,L=100,0.601,191
IVF-PQ(Serial)+Rerank,nlist=512,m=16,nprobe=32,L=200,0.766,254
IVF-PQ(Serial)+Rerank,nlist=512,m=16,nprobe=32,L=500,0.9075,265
IVF-PQ(Serial)+Rerank,nlist=512,m=16,nprobe=64,L=100,0.488,271
IVF-PQ(Serial)+Rerank,nlist=512,m=16,nprobe=64,L=200,0.6555,322
IVF-PQ(Serial)+Rerank,nlist=512,m=16,nprobe=64,L=500,0.8455,405
IVF-PQ(Serial)+Rerank,nlist=512,m=16,nprobe=128,L=100,0.3915,446
IVF-PQ(Serial)+Rerank,nlist=512,m=16,nprobe=128,L=200,0.5345,433
IVF-PQ(Serial)+Rerank,nlist=512,m=16,nprobe=128,L=500,0.751,525
IVF-PQ(Serial)+Rerank,nlist=512,m=32,nprobe=4,L=100,0.72,96
IVF-PQ(Serial)+Rerank,nlist=512,m=32,nprobe=4,L=200,0.745,92
IVF-PQ(Serial)+Rerank,nlist=512,m=32,nprobe=4,L=500,0.748,190
IVF-PQ(Serial)+Rerank,nlist=512,m=32,nprobe=8,L=100,0.773,98
IVF-PQ(Serial)+Rerank,nlist=512,m=32,nprobe=8,L=200,0.8435,135
IVF-PQ(Serial)+Rerank,nlist=512,m=32,nprobe=8,L=500,0.8625,298
IVF-PQ(Serial)+Rerank,nlist=512,m=32,nprobe=12,L=100,0.7585,176
IVF-PQ(Serial)+Rerank,nlist=512,m=32,nprobe=12,L=200,0.856,164
IVF-PQ(Serial)+Rerank,nlist=512,m=32,nprobe=12,L=500,0.906,233
IVF-PQ(Serial)+Rerank,nlist=512,m=32,nprobe=16,L=100,0.7425,161
IVF-PQ(Serial)+Rerank,nlist=512,m=32,nprobe=16,L=200,0.8545,169
IVF-PQ(Serial)+Rerank,nlist=512,m=32,nprobe=16,L=500,0.9305,278
IVF-PQ(Serial)+Rerank,nlist=512,m=32,nprobe=20,L=100,0.708,244
IVF-PQ(Serial)+Rerank,nlist=512,m=32,nprobe=20,L=200,0.835,247
IVF-PQ(Serial)+Rerank,nlist=512,m=32,nprobe=20,L=500,0.9315,358
IVF-PQ(Serial)+Rerank,nlist=512,m=32,nprobe=24,L=100,0.683,238
IVF-PQ(Serial)+Rerank,nlist=512,m=32,nprobe=24,L=200,0.8215,237
IVF-PQ(Serial)+Rerank,nlist=512,m=32,nprobe=24,L=500,0.9365,290
IVF-PQ(Serial)+Rerank,nlist=512,m=32,nprobe=32,L=100,0.646,243
IVF-PQ(Serial)+Rerank,nlist=512,m=32,nprobe=32,L=200,0.793,267
IVF-PQ(Serial)+Rerank,nlist=512,m=32,nprobe=32,L=500,0.932,471
IVF-PQ(Serial)+Rerank,nlist=512,m=32,nprobe=64,L=100,0.5415,506
IVF-PQ(Serial)+Rerank,nlist=512,m=32,nprobe=64,L=200,0.6945,472
IVF-PQ(Serial)+Rerank,nlist=512,m=32,nprobe=64,L=500,0.8825,523
IVF-PQ(Serial)+Rerank,nlist=512,m=32,nprobe=128,L=100,0.447,732
IVF-PQ(Serial)+Rerank,nlist=512,m=32,nprobe=128,L=200,0.5905,784
IVF-PQ(Serial)+Rerank,nlist=512,m=32,nprobe=128,L=500,0.7915,814
IVF-PQ(Serial)+Rerank,nlist=512,m=48,nprobe=4,L=100,0.725,103
IVF-PQ(Serial)+Rerank,nlist=512,m=48,nprobe=4,L=200,0.744,120
IVF-PQ(Serial)+Rerank,nlist=512,m=48,nprobe=4,L=500,0.748,197
IVF-PQ(Serial)+Rerank,nlist=512,m=48,nprobe=8,L=100,0.775501,113
IVF-PQ(Serial)+Rerank,nlist=512,m=48,nprobe=8,L=200,0.844,149
IVF-PQ(Serial)+Rerank,nlist=512,m=48,nprobe=8,L=500,0.8625,191
IVF-PQ(Serial)+Rerank,nlist=512,m=48,nprobe=12,L=100,0.7615,183
IVF-PQ(Serial)+Rerank,nlist=512,m=48,nprobe=12,L=200,0.8585,162
IVF-PQ(Serial)+Rerank,nlist=512,m=48,nprobe=12,L=500,0.905,223
IVF-PQ(Serial)+Rerank,nlist=512,m=48,nprobe=16,L=100,0.7415,177
IVF-PQ(Serial)+Rerank,nlist=512,m=48,nprobe=16,L=200,0.862,228
IVF-PQ(Serial)+Rerank,nlist=512,m=48,nprobe=16,L=500,0.929,341
IVF-PQ(Serial)+Rerank,nlist=512,m=48,nprobe=20,L=100,0.713,229
IVF-PQ(Serial)+Rerank,nlist=512,m=48,nprobe=20,L=200,0.844,211
IVF-PQ(Serial)+Rerank,nlist=512,m=48,nprobe=20,L=500,0.933,330
IVF-PQ(Serial)+Rerank,nlist=512,m=48,nprobe=24,L=100,0.6895,254
IVF-PQ(Serial)+Rerank,nlist=512,m=48,nprobe=24,L=200,0.8295,310
IVF-PQ(Serial)+Rerank,nlist=512,m=48,nprobe=24,L=500,0.9365,363
IVF-PQ(Serial)+Rerank,nlist=512,m=48,nprobe=32,L=100,0.6535,324
IVF-PQ(Serial)+Rerank,nlist=512,m=48,nprobe=32,L=200,0.798,354
IVF-PQ(Serial)+Rerank,nlist=512,m=48,nprobe=32,L=500,0.9375,492
IVF-PQ(Serial)+Rerank,nlist=512,m=48,nprobe=64,L=100,0.5535,707
IVF-PQ(Serial)+Rerank,nlist=512,m=48,nprobe=64,L=200,0.699,695
IVF-PQ(Serial)+Rerank,nlist=512,m=48,nprobe=64,L=500,0.888,757
IVF-PQ(Serial)+Rerank,nlist=512,m=48,nprobe=128,L=100,0.4575,1442
IVF-PQ(Serial)+Rerank,nlist=512,m=48,nprobe=128,L=200,0.595,1484
IVF-PQ(Serial)+Rerank,nlist=512,m=48,nprobe=128,L=500,0.798,1494
IVF-PQ(Serial)+Rerank,nlist=512,m=8,nprobe=4,L=100,0.6665,117
IVF-PQ(Serial)+Rerank,nlist=512,m=8,nprobe=4,L=200,0.729,88
IVF-PQ(Serial)+Rerank,nlist=512,m=8,nprobe=4,L=500,0.7465,254
IVF-PQ(Serial)+Rerank,nlist=512,m=8,nprobe=8,L=100,0.668,110
IVF-PQ(Serial)+Rerank,nlist=512,m=8,nprobe=8,L=200,0.784,136
IVF-PQ(Serial)+Rerank,nlist=512,m=8,nprobe=8,L=500,0.8555,198
IVF-PQ(Serial)+Rerank,nlist=512,m=8,nprobe=12,L=100,0.63,129
IVF-PQ(Serial)+Rerank,nlist=512,m=8,nprobe=12,L=200,0.775,131
IVF-PQ(Serial)+Rerank,nlist=512,m=8,nprobe=12,L=500,0.8815,183
IVF-PQ(Serial)+Rerank,nlist=512,m=8,nprobe=16,L=100,0.593,99
IVF-PQ(Serial)+Rerank,nlist=512,m=8,nprobe=16,L=200,0.751,141
IVF-PQ(Serial)+Rerank,nlist=512,m=8,nprobe=16,L=500,0.892,165
IVF-PQ(Serial)+Rerank,nlist=512,m=8,nprobe=20,L=100,0.557,85
IVF-PQ(Serial)+Rerank,nlist=512,m=8,nprobe=20,L=200,0.7165,111
IVF-PQ(Serial)+Rerank,nlist=512,m=8,nprobe=20,L=500,0.877,221
IVF-PQ(Serial)+Rerank,nlist=512,m=8,nprobe=24,L=100,0.53,118
IVF-PQ(Serial)+Rerank,nlist=512,m=8,nprobe=24,L=200,0.686,119
IVF-PQ(Serial)+Rerank,nlist=512,m=8,nprobe=24,L=500,0.8635,207
IVF-PQ(Serial)+Rerank,nlist=512,m=8,nprobe=32,L=100,0.489,141
IVF-PQ(Serial)+Rerank,nlist=512,m=8,nprobe=32,L=200,0.6485,225
IVF-PQ(Serial)+Rerank,nlist=512,m=8,nprobe=32,L=500,0.84,331
IVF-PQ(Serial)+Rerank,nlist=512,m=8,nprobe=64,L=100,0.3865,219
IVF-PQ(Serial)+Rerank,nlist=512,m=8,nprobe=64,L=200,0.5325,242
IVF-PQ(Serial)+Rerank,nlist=512,m=8,nprobe=64,L=500,0.742,274
IVF-PQ(Serial)+Rerank,nlist=512,m=8,nprobe=128,L=100,0.2865,400
IVF-PQ(Serial)+Rerank,nlist=512,m=8,nprobe=128,L=200,0.4135,368
IVF-PQ(Serial)+Rerank,nlist=512,m=8,nprobe=128,L=500,0.621,458
IVF-PQ(Serial)+Rerank,nlist=64,m=16,nprobe=4,L=100,0.747,161
IVF-PQ(Serial)+Rerank,nlist=64,m=16,nprobe=4,L=200,0.8395,146
IVF-PQ(Serial)+Rerank,nlist=64,m=16,nprobe=4,L=500,0.8945,231
IVF-PQ(Serial)+Rerank,nlist=64,m=16,nprobe=8,L=100,0.705,332
IVF-PQ(Serial)+Rerank,nlist=64,m=16,nprobe=8,L=200,0.822,281
IVF-PQ(Serial)+Rerank,nlist=64,m=16,nprobe=8,L=500,0.918,340
IVF-PQ(Serial)+Rerank,nlist=64,m=16,nprobe=12,L=100,0.668,337
IVF-PQ(Serial)+Rerank,nlist=64,m=16,nprobe=12,L=200,0.7915,410
IVF-PQ(Serial)+Rerank,nlist=64,m=16,nprobe=12,L=500,0.9135,467
IVF-PQ(Serial)+Rerank,nlist=64,m=16,nprobe=16,L=100,0.638,528
IVF-PQ(Serial)+Rerank,nlist=64,m=16,nprobe=16,L=200,0.767,439
IVF-PQ(Serial)+Rerank,nlist=64,m=16,nprobe=16,L=500,0.901,633
IVF-PQ(Serial)+Rerank,nlist=64,m=16,nprobe=20,L=100,0.609,621
IVF-PQ(Serial)+Rerank,nlist=64,m=16,nprobe=20,L=200,0.744,517
IVF-PQ(Serial)+Rerank,nlist=64,m=16,nprobe=20,L=500,0.888,655
IVF-PQ(Serial)+Rerank,nlist=64,m=16,nprobe=24,L=100,0.5915,629
IVF-PQ(Serial)+Rerank,nlist=64,m=16,nprobe=24,L=200,0.7245,679
IVF-PQ(Serial)+Rerank,nlist=64,m=16,nprobe=24,L=500,0.8765,790
IVF-PQ(Serial)+Rerank,nlist=64,m=16,nprobe=32,L=100,0.5655,1351
IVF-PQ(Serial)+Rerank,nlist=64,m=16,nprobe=32,L=200,0.705,986
IVF-PQ(Serial)+Rerank,nlist=64,m=16,nprobe=32,L=500,0.862,1084
IVF-PQ(Serial)+Rerank,nlist=64,m=16,nprobe=64,L=100,0.505,1957
IVF-PQ(Serial)+Rerank,nlist=64,m=16,nprobe=64,L=200,0.6365,2081
IVF-PQ(Serial)+Rerank,nlist=64,m=16,nprobe=64,L=500,0.7955,1992
IVF-PQ(Serial)+Rerank,nlist=64,m=32,nprobe=4,L=100,0.78,298
IVF-PQ(Serial)+Rerank,nlist=64,m=32,nprobe=4,L=200,0.851,401
IVF-PQ(Serial)+Rerank,nlist=64,m=32,nprobe=4,L=500,0.897,511
IVF-PQ(Serial)+Rerank,nlist=64,m=32,nprobe=8,L=100,0.739,534
IVF-PQ(Serial)+Rerank,nlist=64,m=32,nprobe=8,L=200,0.847,665
IVF-PQ(Serial)+Rerank,nlist=64,m=32,nprobe=8,L=500,0.931,715
IVF-PQ(Serial)+Rerank,nlist=64,m=32,nprobe=12,L=100,0.717,863
IVF-PQ(Serial)+Rerank,nlist=64,m=32,nprobe=12,L=200,0.829,829
IVF-PQ(Serial)+Rerank,nlist=64,m=32,nprobe=12,L=500,0.9335,890
IVF-PQ(Serial)+Rerank,nlist=64,m=32,nprobe=16,L=100,0.694,928
IVF-PQ(Serial)+Rerank,nlist=64,m=32,nprobe=16,L=200,0.8125,1158
IVF-PQ(Serial)+Rerank,nlist=64,m=32,nprobe=16,L=500,0.9245,1044
IVF-PQ(Serial)+Rerank,nlist=64,m=32,nprobe=20,L=100,0.667,968
IVF-PQ(Serial)+Rerank,nlist=64,m=32,nprobe=20,L=200,0.7935,1135
IVF-PQ(Serial)+Rerank,nlist=64,m=32,nprobe=20,L=500,0.9115,1476
IVF-PQ(Serial)+Rerank,nlist=64,m=32,nprobe=24,L=100,0.645,1329
IVF-PQ(Serial)+Rerank,nlist=64,m=32,nprobe=24,L=200,0.779,1260
IVF-PQ(Serial)+Rerank,nlist=64,m=32,nprobe=24,L=500,0.902,1461
IVF-PQ(Serial)+Rerank,nlist=64,m=32,nprobe=32,L=100,0.618,1495
IVF-PQ(Serial)+Rerank,nlist=64,m=32,nprobe=32,L=200,0.7545,1587
IVF-PQ(Serial)+Rerank,nlist=64,m=32,nprobe=32,L=500,0.8815,1991
IVF-PQ(Serial)+Rerank,nlist=64,m=32,nprobe=64,L=100,0.552,3622
IVF-PQ(Serial)+Rerank,nlist=64,m=32,nprobe=64,L=200,0.6925,3727
IVF-PQ(Serial)+Rerank,nlist=64,m=32,nprobe=64,L=500,0.8315,4234
IVF-PQ(Serial)+Rerank,nlist=64,m=48,nprobe=4,L=100,0.788,503
IVF-PQ(Serial)+Rerank,nlist=64,m=48,nprobe=4,L=200,0.8545,536
IVF-PQ(Serial)+Rerank,nlist=64,m=48,nprobe=4,L=500,0.898,589
IVF-PQ(Serial)+Rerank,nlist=64,m=48,nprobe=8,L=100,0.7485,956
IVF-PQ(Serial)+Rerank,nlist=64,m=48,nprobe=8,L=200,0.852,844
IVF-PQ(Serial)+Rerank,nlist=64,m=48,nprobe=8,L=500,0.9315,1000
IVF-PQ(Serial)+Rerank,nlist=64,m=48,nprobe=12,L=100,0.726,1033
IVF-PQ(Serial)+Rerank,nlist=64,m=48,nprobe=12,L=200,0.834,1249
IVF-PQ(Serial)+Rerank,nlist=64,m=48,nprobe=12,L=500,0.9315,1338
IVF-PQ(Serial)+Rerank,nlist=64,m=48,nprobe=16,L=100,0.6995,1729
IVF-PQ(Serial)+Rerank,nlist=64,m=48,nprobe=16,L=200,0.8135,1653
IVF-PQ(Serial)+Rerank,nlist=64,m=48,nprobe=16,L=500,0.924,1694
IVF-PQ(Serial)+Rerank,nlist=64,m=48,nprobe=20,L=100,0.678,2153
IVF-PQ(Serial)+Rerank,nlist=64,m=48,nprobe=20,L=200,0.793,2060
IVF-PQ(Serial)+Rerank,nlist=64,m=48,nprobe=20,L=500,0.9115,1982
IVF-PQ(Serial)+Rerank,nlist=64,m=48,nprobe=24,L=100,0.6595,2526
IVF-PQ(Serial)+Rerank,nlist=64,m=48,nprobe=24,L=200,0.7795,2851
IVF-PQ(Serial)+Rerank,nlist=64,m=48,nprobe=24,L=500,0.902,2690
IVF-PQ(Serial)+Rerank,nlist=64,m=48,nprobe=32,L=100,0.628,3085
IVF-PQ(Serial)+Rerank,nlist=64,m=48,nprobe=32,L=200,0.758,3363
IVF-PQ(Serial)+Rerank,nlist=64,m=48,nprobe=32,L=500,0.8835,3285
IVF-PQ(Serial)+Rerank,nlist=64,m=48,nprobe=64,L=100,0.5655,6225
IVF-PQ(Serial)+Rerank,nlist=64,m=48,nprobe=64,L=200,0.6935,6233
IVF-PQ(Serial)+Rerank,nlist=64,m=48,nprobe=64,L=500,0.828,6166
IVF-PQ(Serial)+Rerank,nlist=64,m=8,nprobe=4,L=100,0.654,171
IVF-PQ(Serial)+Rerank,nlist=64,m=8,nprobe=4,L=200,0.769,211
IVF-PQ(Serial)+Rerank,nlist=64,m=8,nprobe=4,L=500,0.862,297
IVF-PQ(Serial)+Rerank,nlist=64,m=8,nprobe=8,L=100,0.5925,290
IVF-PQ(Serial)+Rerank,nlist=64,m=8,nprobe=8,L=200,0.718,344
IVF-PQ(Serial)+Rerank,nlist=64,m=8,nprobe=8,L=500,0.86,447
IVF-PQ(Serial)+Rerank,nlist=64,m=8,nprobe=12,L=100,0.549,386
IVF-PQ(Serial)+Rerank,nlist=64,m=8,nprobe=12,L=200,0.6875,438
IVF-PQ(Serial)+Rerank,nlist=64,m=8,nprobe=12,L=500,0.836,561
IVF-PQ(Serial)+Rerank,nlist=64,m=8,nprobe=16,L=100,0.525,503
IVF-PQ(Serial)+Rerank,nlist=64,m=8,nprobe=16,L=200,0.653,543
IVF-PQ(Serial)+Rerank,nlist=64,m=8,nprobe=16,L=500,0.813,872
IVF-PQ(Serial)+Rerank,nlist=64,m=8,nprobe=20,L=100,0.499,498
IVF-PQ(Serial)+Rerank,nlist=64,m=8,nprobe=20,L=200,0.627,594
IVF-PQ(Serial)+Rerank,nlist=64,m=8,nprobe=20,L=500,0.7895,611
IVF-PQ(Serial)+Rerank,nlist=64,m=8,nprobe=24,L=100,0.4805,549
IVF-PQ(Serial)+Rerank,nlist=64,m=8,nprobe=24,L=200,0.6115,1007
IVF-PQ(Serial)+Rerank,nlist=64,m=8,nprobe=24,L=500,0.775,1263
IVF-PQ(Serial)+Rerank,nlist=64,m=8,nprobe=32,L=100,0.4485,719
IVF-PQ(Serial)+Rerank,nlist=64,m=8,nprobe=32,L=200,0.587,872
IVF-PQ(Serial)+Rerank,nlist=64,m=8,nprobe=32,L=500,0.749,984
IVF-PQ(Serial)+Rerank,nlist=64,m=8,nprobe=64,L=100,0.3945,1736
IVF-PQ(Serial)+Rerank,nlist=64,m=8,nprobe=64,L=200,0.523,1654
IVF-PQ(Serial)+Rerank,nlist=64,m=8,nprobe=64,L=500,0.6795,2548
IVF-PQ(OpenMP)+Rerank,nlist=128,m=16,nprobe=4,L=100,0.7475,506
IVF-PQ(OpenMP)+Rerank,nlist=128,m=16,nprobe=4,L=200,0.826,356
IVF-PQ(OpenMP)+Rerank,nlist=128,m=16,nprobe=4,L=500,0.869,472
IVF-PQ(OpenMP)+Rerank,nlist=128,m=16,nprobe=8,L=100,0.705,380
IVF-PQ(OpenMP)+Rerank,nlist=128,m=16,nprobe=8,L=200,0.822,417
IVF-PQ(OpenMP)+Rerank,nlist=128,m=16,nprobe=8,L=500,0.917,590
IVF-PQ(OpenMP)+Rerank,nlist=128,m=16,nprobe=12,L=100,0.658,397
IVF-PQ(OpenMP)+Rerank,nlist=128,m=16,nprobe=12,L=200,0.795,436
IVF-PQ(OpenMP)+Rerank,nlist=128,m=16,nprobe=12,L=500,0.9165,572
IVF-PQ(OpenMP)+Rerank,nlist=128,m=16,nprobe=16,L=100,0.6145,452
IVF-PQ(OpenMP)+Rerank,nlist=128,m=16,nprobe=16,L=200,0.768,457
IVF-PQ(OpenMP)+Rerank,nlist=128,m=16,nprobe=16,L=500,0.9065,587
IVF-PQ(OpenMP)+Rerank,nlist=128,m=16,nprobe=20,L=100,0.5845,469
IVF-PQ(OpenMP)+Rerank,nlist=128,m=16,nprobe=20,L=200,0.739,527
IVF-PQ(OpenMP)+Rerank,nlist=128,m=16,nprobe=20,L=500,0.8905,645
IVF-PQ(OpenMP)+Rerank,nlist=128,m=16,nprobe=24,L=100,0.5575,477
IVF-PQ(OpenMP)+Rerank,nlist=128,m=16,nprobe=24,L=200,0.7155,551
IVF-PQ(OpenMP)+Rerank,nlist=128,m=16,nprobe=24,L=500,0.8675,1102
IVF-PQ(OpenMP)+Rerank,nlist=128,m=16,nprobe=32,L=100,0.5255,861
IVF-PQ(OpenMP)+Rerank,nlist=128,m=16,nprobe=32,L=200,0.681,606
IVF-PQ(OpenMP)+Rerank,nlist=128,m=16,nprobe=32,L=500,0.84,1527
IVF-PQ(OpenMP)+Rerank,nlist=128,m=16,nprobe=64,L=100,0.4455,1128
IVF-PQ(OpenMP)+Rerank,nlist=128,m=16,nprobe=64,L=200,0.593,829
IVF-PQ(OpenMP)+Rerank,nlist=128,m=16,nprobe=64,L=500,0.7755,989
IVF-PQ(OpenMP)+Rerank,nlist=128,m=16,nprobe=128,L=100,0.3885,1739
IVF-PQ(OpenMP)+Rerank,nlist=128,m=16,nprobe=128,L=200,0.5095,1758
IVF-PQ(OpenMP)+Rerank,nlist=128,m=16,nprobe=128,L=500,0.6965,1996
IVF-PQ(OpenMP)+Rerank,nlist=128,m=32,nprobe=4,L=100,0.7735,362
IVF-PQ(OpenMP)+Rerank,nlist=128,m=32,nprobe=4,L=200,0.8405,417
IVF-PQ(OpenMP)+Rerank,nlist=128,m=32,nprobe=4,L=500,0.8705,523
IVF-PQ(OpenMP)+Rerank,nlist=128,m=32,nprobe=8,L=100,0.757,393
IVF-PQ(OpenMP)+Rerank,nlist=128,m=32,nprobe=8,L=200,0.852,439
IVF-PQ(OpenMP)+Rerank,nlist=128,m=32,nprobe=8,L=500,0.926,529
IVF-PQ(OpenMP)+Rerank,nlist=128,m=32,nprobe=12,L=100,0.7195,440
IVF-PQ(OpenMP)+Rerank,nlist=128,m=32,nprobe=12,L=200,0.8395,477
IVF-PQ(OpenMP)+Rerank,nlist=128,m=32,nprobe=12,L=500,0.9335,636
IVF-PQ(OpenMP)+Rerank,nlist=128,m=32,nprobe=16,L=100,0.6775,1114
IVF-PQ(OpenMP)+Rerank,nlist=128,m=32,nprobe=16,L=200,0.8125,726
IVF-PQ(OpenMP)+Rerank,nlist=128,m=32,nprobe=16,L=500,0.931,731
IVF-PQ(OpenMP)+Rerank,nlist=128,m=32,nprobe=20,L=100,0.642,734
IVF-PQ(OpenMP)+Rerank,nlist=128,m=32,nprobe=20,L=200,0.7935,603
IVF-PQ(OpenMP)+Rerank,nlist=128,m=32,nprobe=20,L=500,0.9185,686
IVF-PQ(OpenMP)+Rerank,nlist=128,m=32,nprobe=24,L=100,0.609,544
IVF-PQ(OpenMP)+Rerank,nlist=128,m=32,nprobe=24,L=200,0.769,595
IVF-PQ(OpenMP)+Rerank,nlist=128,m=32,nprobe=24,L=500,0.9095,784
IVF-PQ(OpenMP)+Rerank,nlist=128,m=32,nprobe=32,L=100,0.578,636
IVF-PQ(OpenMP)+Rerank,nlist=128,m=32,nprobe=32,L=200,0.735,1372
IVF-PQ(OpenMP)+Rerank,nlist=128,m=32,nprobe=32,L=500,0.8885,1047
IVF-PQ(OpenMP)+Rerank,nlist=128,m=32,nprobe=64,L=100,0.5025,1196
IVF-PQ(OpenMP)+Rerank,nlist=128,m=32,nprobe=64,L=200,0.6535,1284
IVF-PQ(OpenMP)+Rerank,nlist=128,m=32,nprobe=64,L=500,0.8225,1488
IVF-PQ(OpenMP)+Rerank,nlist=128,m=32,nprobe=128,L=100,0.435,3297
IVF-PQ(OpenMP)+Rerank,nlist=128,m=32,nprobe=128,L=200,0.577,2504
IVF-PQ(OpenMP)+Rerank,nlist=128,m=32,nprobe=128,L=500,0.7355,2417
IVF-PQ(OpenMP)+Rerank,nlist=128,m=48,nprobe=4,L=100,0.7785,401
IVF-PQ(OpenMP)+Rerank,nlist=128,m=48,nprobe=4,L=200,0.8395,440
IVF-PQ(OpenMP)+Rerank,nlist=128,m=48,nprobe=4,L=500,0.87,533
IVF-PQ(OpenMP)+Rerank,nlist=128,m=48,nprobe=8,L=100,0.7595,484
IVF-PQ(OpenMP)+Rerank,nlist=128,m=48,nprobe=8,L=200,0.856,474
IVF-PQ(OpenMP)+Rerank,nlist=128,m=48,nprobe=8,L=500,0.928,650
IVF-PQ(OpenMP)+Rerank,nlist=128,m=48,nprobe=12,L=100,0.7255,539
IVF-PQ(OpenMP)+Rerank,nlist=128,m=48,nprobe=12,L=200,0.839,581
IVF-PQ(OpenMP)+Rerank,nlist=128,m=48,nprobe=12,L=500,0.936,657
IVF-PQ(OpenMP)+Rerank,nlist=128,m=48,nprobe=16,L=100,0.686,1251
IVF-PQ(OpenMP)+Rerank,nlist=128,m=48,nprobe=16,L=200,0.825,705
IVF-PQ(OpenMP)+Rerank,nlist=128,m=48,nprobe=16,L=500,0.9305,738
IVF-PQ(OpenMP)+Rerank,nlist=128,m=48,nprobe=20,L=100,0.652,648
IVF-PQ(OpenMP)+Rerank,nlist=128,m=48,nprobe=20,L=200,0.799,756
IVF-PQ(OpenMP)+Rerank,nlist=128,m=48,nprobe=20,L=500,0.921,776
IVF-PQ(OpenMP)+Rerank,nlist=128,m=48,nprobe=24,L=100,0.622,637
IVF-PQ(OpenMP)+Rerank,nlist=128,m=48,nprobe=24,L=200,0.772,627
IVF-PQ(OpenMP)+Rerank,nlist=128,m=48,nprobe=24,L=500,0.907,761
IVF-PQ(OpenMP)+Rerank,nlist=128,m=48,nprobe=32,L=100,0.588,755
IVF-PQ(OpenMP)+Rerank,nlist=128,m=48,nprobe=32,L=200,0.7435,794
IVF-PQ(OpenMP)+Rerank,nlist=128,m=48,nprobe=32,L=500,0.89,844
IVF-PQ(OpenMP)+Rerank,nlist=128,m=48,nprobe=64,L=100,0.5145,1270
IVF-PQ(OpenMP)+Rerank,nlist=128,m=48,nprobe=64,L=200,0.6615,1318
IVF-PQ(OpenMP)+Rerank,nlist=128,m=48,nprobe=64,L=500,0.829,1513
IVF-PQ(OpenMP)+Rerank,nlist=128,m=48,nprobe=128,L=100,0.446,2402
IVF-PQ(OpenMP)+Rerank,nlist=128,m=48,nprobe=128,L=200,0.5855,2448
IVF-PQ(OpenMP)+Rerank,nlist=128,m=48,nprobe=128,L=500,0.7445,2968
IVF-PQ(OpenMP)+Rerank,nlist=128,m=8,nprobe=4,L=100,0.658,725
IVF-PQ(OpenMP)+Rerank,nlist=128,m=8,nprobe=4,L=200,0.7555,613
IVF-PQ(OpenMP)+Rerank,nlist=128,m=8,nprobe=4,L=500,0.853,888
IVF-PQ(OpenMP)+Rerank,nlist=128,m=8,nprobe=8,L=100,0.5975,361
IVF-PQ(OpenMP)+Rerank,nlist=128,m=8,nprobe=8,L=200,0.7355,395
IVF-PQ(OpenMP)+Rerank,nlist=128,m=8,nprobe=8,L=500,0.865,547
IVF-PQ(OpenMP)+Rerank,nlist=128,m=8,nprobe=12,L=100,0.539,514
IVF-PQ(OpenMP)+Rerank,nlist=128,m=8,nprobe=12,L=200,0.6905,463
IVF-PQ(OpenMP)+Rerank,nlist=128,m=8,nprobe=12,L=500,0.841,613
IVF-PQ(OpenMP)+Rerank,nlist=128,m=8,nprobe=16,L=100,0.498,432
IVF-PQ(OpenMP)+Rerank,nlist=128,m=8,nprobe=16,L=200,0.6575,447
IVF-PQ(OpenMP)+Rerank,nlist=128,m=8,nprobe=16,L=500,0.825,560
IVF-PQ(OpenMP)+Rerank,nlist=128,m=8,nprobe=20,L=100,0.4685,436
IVF-PQ(OpenMP)+Rerank,nlist=128,m=8,nprobe=20,L=200,0.623,462
IVF-PQ(OpenMP)+Rerank,nlist=128,m=8,nprobe=20,L=500,0.8,573
IVF-PQ(OpenMP)+Rerank,nlist=128,m=8,nprobe=24,L=100,0.4395,474
IVF-PQ(OpenMP)+Rerank,nlist=128,m=8,nprobe=24,L=200,0.588,520
IVF-PQ(OpenMP)+Rerank,nlist=128,m=8,nprobe=24,L=500,0.7805,663
IVF-PQ(OpenMP)+Rerank,nlist=128,m=8,nprobe=32,L=100,0.4065,542
IVF-PQ(OpenMP)+Rerank,nlist=128,m=8,nprobe=32,L=200,0.549,607
IVF-PQ(OpenMP)+Rerank,nlist=128,m=8,nprobe=32,L=500,0.749,728
IVF-PQ(OpenMP)+Rerank,nlist=128,m=8,nprobe=64,L=100,0.332,1287
IVF-PQ(OpenMP)+Rerank,nlist=128,m=8,nprobe=64,L=200,0.4605,1577
IVF-PQ(OpenMP)+Rerank,nlist=128,m=8,nprobe=64,L=500,0.6495,981
IVF-PQ(OpenMP)+Rerank,nlist=128,m=8,nprobe=128,L=100,0.277,1535
IVF-PQ(OpenMP)+Rerank,nlist=128,m=8,nprobe=128,L=200,0.3915,1440
IVF-PQ(OpenMP)+Rerank,nlist=128,m=8,nprobe=128,L=500,0.571,1595
IVF-PQ(OpenMP)+Rerank,nlist=256,m=16,nprobe=4,L=100,0.7415,313
IVF-PQ(OpenMP)+Rerank,nlist=256,m=16,nprobe=4,L=200,0.7965,334
IVF-PQ(OpenMP)+Rerank,nlist=256,m=16,nprobe=4,L=500,0.8165,462
IVF-PQ(OpenMP)+Rerank,nlist=256,m=16,nprobe=8,L=100,0.731,312
IVF-PQ(OpenMP)+Rerank,nlist=256,m=16,nprobe=8,L=200,0.8375,360
IVF-PQ(OpenMP)+Rerank,nlist=256,m=16,nprobe=8,L=500,0.8995,472
IVF-PQ(OpenMP)+Rerank,nlist=256,m=16,nprobe=12,L=100,0.683,338
IVF-PQ(OpenMP)+Rerank,nlist=256,m=16,nprobe=12,L=200,0.8195,372
IVF-PQ(OpenMP)+Rerank,nlist=256,m=16,nprobe=12,L=500,0.9215,488
IVF-PQ(OpenMP)+Rerank,nlist=256,m=16,nprobe=16,L=100,0.653,368
IVF-PQ(OpenMP)+Rerank,nlist=256,m=16,nprobe=16,L=200,0.7925,383
IVF-PQ(OpenMP)+Rerank,nlist=256,m=16,nprobe=16,L=500,0.9225,489
IVF-PQ(OpenMP)+Rerank,nlist=256,m=16,nprobe=20,L=100,0.6185,391
IVF-PQ(OpenMP)+Rerank,nlist=256,m=16,nprobe=20,L=200,0.769,408
IVF-PQ(OpenMP)+Rerank,nlist=256,m=16,nprobe=20,L=500,0.9185,534
IVF-PQ(OpenMP)+Rerank,nlist=256,m=16,nprobe=24,L=100,0.5915,380
IVF-PQ(OpenMP)+Rerank,nlist=256,m=16,nprobe=24,L=200,0.745,470
IVF-PQ(OpenMP)+Rerank,nlist=256,m=16,nprobe=24,L=500,0.905,968
IVF-PQ(OpenMP)+Rerank,nlist=256,m=16,nprobe=32,L=100,0.551,1702
IVF-PQ(OpenMP)+Rerank,nlist=256,m=16,nprobe=32,L=200,0.702,548
IVF-PQ(OpenMP)+Rerank,nlist=256,m=16,nprobe=32,L=500,0.879,638
IVF-PQ(OpenMP)+Rerank,nlist=256,m=16,nprobe=64,L=100,0.454,608
IVF-PQ(OpenMP)+Rerank,nlist=256,m=16,nprobe=64,L=200,0.6,756
IVF-PQ(OpenMP)+Rerank,nlist=256,m=16,nprobe=64,L=500,0.799,772
IVF-PQ(OpenMP)+Rerank,nlist=256,m=16,nprobe=128,L=100,0.3745,907
IVF-PQ(OpenMP)+Rerank,nlist=256,m=16,nprobe=128,L=200,0.5115,1906
IVF-PQ(OpenMP)+Rerank,nlist=256,m=16,nprobe=128,L=500,0.7045,1063
IVF-PQ(OpenMP)+Rerank,nlist=256,m=32,nprobe=4,L=100,0.765,358
IVF-PQ(OpenMP)+Rerank,nlist=256,m=32,nprobe=4,L=200,0.8045,395
IVF-PQ(OpenMP)+Rerank,nlist=256,m=32,nprobe=4,L=500,0.816,513
IVF-PQ(OpenMP)+Rerank,nlist=256,m=32,nprobe=8,L=100,0.772,446
IVF-PQ(OpenMP)+Rerank,nlist=256,m=32,nprobe=8,L=200,0.8615,473
IVF-PQ(OpenMP)+Rerank,nlist=256,m=32,nprobe=8,L=500,0.9075,601
IVF-PQ(OpenMP)+Rerank,nlist=256,m=32,nprobe=12,L=100,0.735,458
IVF-PQ(OpenMP)+Rerank,nlist=256,m=32,nprobe=12,L=200,0.857,435
IVF-PQ(OpenMP)+Rerank,nlist=256,m=32,nprobe=12,L=500,0.9295,1448
IVF-PQ(OpenMP)+Rerank,nlist=256,m=32,nprobe=16,L=100,0.695,567
IVF-PQ(OpenMP)+Rerank,nlist=256,m=32,nprobe=16,L=200,0.8395,852
IVF-PQ(OpenMP)+Rerank,nlist=256,m=32,nprobe=16,L=500,0.933,1539
IVF-PQ(OpenMP)+Rerank,nlist=256,m=32,nprobe=20,L=100,0.6685,517
IVF-PQ(OpenMP)+Rerank,nlist=256,m=32,nprobe=20,L=200,0.819,666
IVF-PQ(OpenMP)+Rerank,nlist=256,m=32,nprobe=20,L=500,0.9305,703
IVF-PQ(OpenMP)+Rerank,nlist=256,m=32,nprobe=24,L=100,0.6475,1437
IVF-PQ(OpenMP)+Rerank,nlist=256,m=32,nprobe=24,L=200,0.8005,1184
IVF-PQ(OpenMP)+Rerank,nlist=256,m=32,nprobe=24,L=500,0.9305,823
IVF-PQ(OpenMP)+Rerank,nlist=256,m=32,nprobe=32,L=100,0.6005,608
IVF-PQ(OpenMP)+Rerank,nlist=256,m=32,nprobe=32,L=200,0.762,688
IVF-PQ(OpenMP)+Rerank,nlist=256,m=32,nprobe=32,L=500,0.912,758
IVF-PQ(OpenMP)+Rerank,nlist=256,m=32,nprobe=64,L=100,0.499,676
IVF-PQ(OpenMP)+Rerank,nlist=256,m=32,nprobe=64,L=200,0.6585,812
IVF-PQ(OpenMP)+Rerank,nlist=256,m=32,nprobe=64,L=500,0.849,814
IVF-PQ(OpenMP)+Rerank,nlist=256,m=32,nprobe=128,L=100,0.43,901
IVF-PQ(OpenMP)+Rerank,nlist=256,m=32,nprobe=128,L=200,0.5635,1349
IVF-PQ(OpenMP)+Rerank,nlist=256,m=32,nprobe=128,L=500,0.7685,1030
IVF-PQ(OpenMP)+Rerank,nlist=256,m=48,nprobe=4,L=100,0.7715,359
IVF-PQ(OpenMP)+Rerank,nlist=256,m=48,nprobe=4,L=200,0.8095,400
IVF-PQ(OpenMP)+Rerank,nlist=256,m=48,nprobe=4,L=500,0.822,484
IVF-PQ(OpenMP)+Rerank,nlist=256,m=48,nprobe=8,L=100,0.778,372
IVF-PQ(OpenMP)+Rerank,nlist=256,m=48,nprobe=8,L=200,0.866,411
IVF-PQ(OpenMP)+Rerank,nlist=256,m=48,nprobe=8,L=500,0.913,695
IVF-PQ(OpenMP)+Rerank,nlist=256,m=48,nprobe=12,L=100,0.741,402
IVF-PQ(OpenMP)+Rerank,nlist=256,m=48,nprobe=12,L=200,0.86,436
IVF-PQ(OpenMP)+Rerank,nlist=256,m=48,nprobe=12,L=500,0.933,541
IVF-PQ(OpenMP)+Rerank,nlist=256,m=48,nprobe=16,L=100,0.7065,449
IVF-PQ(OpenMP)+Rerank,nlist=256,m=48,nprobe=16,L=200,0.8475,506
IVF-PQ(OpenMP)+Rerank,nlist=256,m=48,nprobe=16,L=500,0.938,572
IVF-PQ(OpenMP)+Rerank,nlist=256,m=48,nprobe=20,L=100,0.6825,506
IVF-PQ(OpenMP)+Rerank,nlist=256,m=48,nprobe=20,L=200,0.8255,522
IVF-PQ(OpenMP)+Rerank,nlist=256,m=48,nprobe=20,L=500,0.933,612
IVF-PQ(OpenMP)+Rerank,nlist=256,m=48,nprobe=24,L=100,0.6475,516
IVF-PQ(OpenMP)+Rerank,nlist=256,m=48,nprobe=24,L=200,0.7995,525
IVF-PQ(OpenMP)+Rerank,nlist=256,m=48,nprobe=24,L=500,0.9305,639
IVF-PQ(OpenMP)+Rerank,nlist=256,m=48,nprobe=32,L=100,0.6125,549
IVF-PQ(OpenMP)+Rerank,nlist=256,m=48,nprobe=32,L=200,0.771,571
IVF-PQ(OpenMP)+Rerank,nlist=256,m=48,nprobe=32,L=500,0.9205,648
IVF-PQ(OpenMP)+Rerank,nlist=256,m=48,nprobe=64,L=100,0.5035,679
IVF-PQ(OpenMP)+Rerank,nlist=256,m=48,nprobe=64,L=200,0.6645,699
IVF-PQ(OpenMP)+Rerank,nlist=256,m=48,nprobe=64,L=500,0.8485,780
IVF-PQ(OpenMP)+Rerank,nlist=256,m=48,nprobe=128,L=100,0.4305,1238
IVF-PQ(OpenMP)+Rerank,nlist=256,m=48,nprobe=128,L=200,0.566,1029
IVF-PQ(OpenMP)+Rerank,nlist=256,m=48,nprobe=128,L=500,0.7795,1147
IVF-PQ(OpenMP)+Rerank,nlist=256,m=8,nprobe=4,L=100,0.6705,329
IVF-PQ(OpenMP)+Rerank,nlist=256,m=8,nprobe=4,L=200,0.7595,348
IVF-PQ(OpenMP)+Rerank,nlist=256,m=8,nprobe=4,L=500,0.8085,456
IVF-PQ(OpenMP)+Rerank,nlist=256,m=8,nprobe=8,L=100,0.635,326
IVF-PQ(OpenMP)+Rerank,nlist=256,m=8,nprobe=8,L=200,0.761,373
IVF-PQ(OpenMP)+Rerank,nlist=256,m=8,nprobe=8,L=500,0.878,477
IVF-PQ(OpenMP)+Rerank,nlist=256,m=8,nprobe=12,L=100,0.59,339
IVF-PQ(OpenMP)+Rerank,nlist=256,m=8,nprobe=12,L=200,0.732,381
IVF-PQ(OpenMP)+Rerank,nlist=256,m=8,nprobe=12,L=500,0.876,464
IVF-PQ(OpenMP)+Rerank,nlist=256,m=8,nprobe=16,L=100,0.5435,398
IVF-PQ(OpenMP)+Rerank,nlist=256,m=8,nprobe=16,L=200,0.6895,401
IVF-PQ(OpenMP)+Rerank,nlist=256,m=8,nprobe=16,L=500,0.856,478
IVF-PQ(OpenMP)+Rerank,nlist=256,m=8,nprobe=20,L=100,0.518,380
IVF-PQ(OpenMP)+Rerank,nlist=256,m=8,nprobe=20,L=200,0.6665,401
IVF-PQ(OpenMP)+Rerank,nlist=256,m=8,nprobe=20,L=500,0.838,497
IVF-PQ(OpenMP)+Rerank,nlist=256,m=8,nprobe=24,L=100,0.498,383
IVF-PQ(OpenMP)+Rerank,nlist=256,m=8,nprobe=24,L=200,0.6415,428
IVF-PQ(OpenMP)+Rerank,nlist=256,m=8,nprobe=24,L=500,0.821,523
IVF-PQ(OpenMP)+Rerank,nlist=256,m=8,nprobe=32,L=100,0.45,416
IVF-PQ(OpenMP)+Rerank,nlist=256,m=8,nprobe=32,L=200,0.5895,452
IVF-PQ(OpenMP)+Rerank,nlist=256,m=8,nprobe=32,L=500,0.786,532
IVF-PQ(OpenMP)+Rerank,nlist=256,m=8,nprobe=64,L=100,0.3535,515
IVF-PQ(OpenMP)+Rerank,nlist=256,m=8,nprobe=64,L=200,0.4905,542
IVF-PQ(OpenMP)+Rerank,nlist=256,m=8,nprobe=64,L=500,0.6785,811
IVF-PQ(OpenMP)+Rerank,nlist=256,m=8,nprobe=128,L=100,0.2825,699
IVF-PQ(OpenMP)+Rerank,nlist=256,m=8,nprobe=128,L=200,0.398,738
IVF-PQ(OpenMP)+Rerank,nlist=256,m=8,nprobe=128,L=500,0.5825,835
IVF-PQ(OpenMP)+Rerank,nlist=512,m=16,nprobe=4,L=100,0.703,321
IVF-PQ(OpenMP)+Rerank,nlist=512,m=16,nprobe=4,L=200,0.7405,357
IVF-PQ(OpenMP)+Rerank,nlist=512,m=16,nprobe=4,L=500,0.748,437
IVF-PQ(OpenMP)+Rerank,nlist=512,m=16,nprobe=8,L=100,0.745,318
IVF-PQ(OpenMP)+Rerank,nlist=512,m=16,nprobe=8,L=200,0.8235,363
IVF-PQ(OpenMP)+Rerank,nlist=512,m=16,nprobe=8,L=500,0.863,454
IVF-PQ(OpenMP)+Rerank,nlist=512,m=16,nprobe=12,L=100,0.727,347
IVF-PQ(OpenMP)+Rerank,nlist=512,m=16,nprobe=12,L=200,0.832,366
IVF-PQ(OpenMP)+Rerank,nlist=512,m=16,nprobe=12,L=500,0.9,540
IVF-PQ(OpenMP)+Rerank,nlist=512,m=16,nprobe=16,L=100,0.7085,356
IVF-PQ(OpenMP)+Rerank,nlist=512,m=16,nprobe=16,L=200,0.8275,395
IVF-PQ(OpenMP)+Rerank,nlist=512,m=16,nprobe=16,L=500,0.9175,494
IVF-PQ(OpenMP)+Rerank,nlist=512,m=16,nprobe=20,L=100,0.6745,351
IVF-PQ(OpenMP)+Rerank,nlist=512,m=16,nprobe=20,L=200,0.805,379
IVF-PQ(OpenMP)+Rerank,nlist=512,m=16,nprobe=20,L=500,0.9165,474
IVF-PQ(OpenMP)+Rerank,nlist=512,m=16,nprobe=24,L=100,0.644,359
IVF-PQ(OpenMP)+Rerank,nlist=512,m=16,nprobe=24,L=200,0.787,383
IVF-PQ(OpenMP)+Rerank,nlist=512,m=16,nprobe=24,L=500,0.9165,483
IVF-PQ(OpenMP)+Rerank,nlist=512,m=16,nprobe=32,L=100,0.601,392
IVF-PQ(OpenMP)+Rerank,nlist=512,m=16,nprobe=32,L=200,0.766,414
IVF-PQ(OpenMP)+Rerank,nlist=512,m=16,nprobe=32,L=500,0.9075,511
IVF-PQ(OpenMP)+Rerank,nlist=512,m=16,nprobe=64,L=100,0.488,431
IVF-PQ(OpenMP)+Rerank,nlist=512,m=16,nprobe=64,L=200,0.6555,640
IVF-PQ(OpenMP)+Rerank,nlist=512,m=16,nprobe=64,L=500,0.8455,566
IVF-PQ(OpenMP)+Rerank,nlist=512,m=16,nprobe=128,L=100,0.3915,537
IVF-PQ(OpenMP)+Rerank,nlist=512,m=16,nprobe=128,L=200,0.5345,573
IVF-PQ(OpenMP)+Rerank,nlist=512,m=16,nprobe=128,L=500,0.751,684
IVF-PQ(OpenMP)+Rerank,nlist=512,m=32,nprobe=4,L=100,0.72,336
IVF-PQ(OpenMP)+Rerank,nlist=512,m=32,nprobe=4,L=200,0.745,367
IVF-PQ(OpenMP)+Rerank,nlist=512,m=32,nprobe=4,L=500,0.748,458
IVF-PQ(OpenMP)+Rerank,nlist=512,m=32,nprobe=8,L=100,0.773,335
IVF-PQ(OpenMP)+Rerank,nlist=512,m=32,nprobe=8,L=200,0.8435,374
IVF-PQ(OpenMP)+Rerank,nlist=512,m=32,nprobe=8,L=500,0.8625,467
IVF-PQ(OpenMP)+Rerank,nlist=512,m=32,nprobe=12,L=100,0.7585,357
IVF-PQ(OpenMP)+Rerank,nlist=512,m=32,nprobe=12,L=200,0.856,376
IVF-PQ(OpenMP)+Rerank,nlist=512,m=32,nprobe=12,L=500,0.906,491
IVF-PQ(OpenMP)+Rerank,nlist=512,m=32,nprobe=16,L=100,0.7425,364
IVF-PQ(OpenMP)+Rerank,nlist=512,m=32,nprobe=16,L=200,0.8545,393
IVF-PQ(OpenMP)+Rerank,nlist=512,m=32,nprobe=16,L=500,0.9305,510
IVF-PQ(OpenMP)+Rerank,nlist=512,m=32,nprobe=20,L=100,0.708,394
IVF-PQ(OpenMP)+Rerank,nlist=512,m=32,nprobe=20,L=200,0.835,431
IVF-PQ(OpenMP)+Rerank,nlist=512,m=32,nprobe=20,L=500,0.9315,765
IVF-PQ(OpenMP)+Rerank,nlist=512,m=32,nprobe=24,L=100,0.683,435
IVF-PQ(OpenMP)+Rerank,nlist=512,m=32,nprobe=24,L=200,0.8215,463
IVF-PQ(OpenMP)+Rerank,nlist=512,m=32,nprobe=24,L=500,0.9365,552
IVF-PQ(OpenMP)+Rerank,nlist=512,m=32,nprobe=32,L=100,0.646,437
IVF-PQ(OpenMP)+Rerank,nlist=512,m=32,nprobe=32,L=200,0.793,477
IVF-PQ(OpenMP)+Rerank,nlist=512,m=32,nprobe=32,L=500,0.932,561
IVF-PQ(OpenMP)+Rerank,nlist=512,m=32,nprobe=64,L=100,0.5415,481
IVF-PQ(OpenMP)+Rerank,nlist=512,m=32,nprobe=64,L=200,0.6945,515
IVF-PQ(OpenMP)+Rerank,nlist=512,m=32,nprobe=64,L=500,0.8825,620
IVF-PQ(OpenMP)+Rerank,nlist=512,m=32,nprobe=128,L=100,0.447,638
IVF-PQ(OpenMP)+Rerank,nlist=512,m=32,nprobe=128,L=200,0.5905,676
IVF-PQ(OpenMP)+Rerank,nlist=512,m=32,nprobe=128,L=500,0.7915,967
IVF-PQ(OpenMP)+Rerank,nlist=512,m=48,nprobe=4,L=100,0.725,373
IVF-PQ(OpenMP)+Rerank,nlist=512,m=48,nprobe=4,L=200,0.744,401
IVF-PQ(OpenMP)+Rerank,nlist=512,m=48,nprobe=4,L=500,0.748,502
IVF-PQ(OpenMP)+Rerank,nlist=512,m=48,nprobe=8,L=100,0.775501,381
IVF-PQ(OpenMP)+Rerank,nlist=512,m=48,nprobe=8,L=200,0.844,420
IVF-PQ(OpenMP)+Rerank,nlist=512,m=48,nprobe=8,L=500,0.8625,508
IVF-PQ(OpenMP)+Rerank,nlist=512,m=48,nprobe=12,L=100,0.7615,382
IVF-PQ(OpenMP)+Rerank,nlist=512,m=48,nprobe=12,L=200,0.8585,433
IVF-PQ(OpenMP)+Rerank,nlist=512,m=48,nprobe=12,L=500,0.905,525
IVF-PQ(OpenMP)+Rerank,nlist=512,m=48,nprobe=16,L=100,0.7415,401
IVF-PQ(OpenMP)+Rerank,nlist=512,m=48,nprobe=16,L=200,0.862,423
IVF-PQ(OpenMP)+Rerank,nlist=512,m=48,nprobe=16,L=500,0.929,535
IVF-PQ(OpenMP)+Rerank,nlist=512,m=48,nprobe=20,L=100,0.713,404
IVF-PQ(OpenMP)+Rerank,nlist=512,m=48,nprobe=20,L=200,0.844,428
IVF-PQ(OpenMP)+Rerank,nlist=512,m=48,nprobe=20,L=500,0.933,519
IVF-PQ(OpenMP)+Rerank,nlist=512,m=48,nprobe=24,L=100,0.6895,423
IVF-PQ(OpenMP)+Rerank,nlist=512,m=48,nprobe=24,L=200,0.8295,446
IVF-PQ(OpenMP)+Rerank,nlist=512,m=48,nprobe=24,L=500,0.9365,558
IVF-PQ(OpenMP)+Rerank,nlist=512,m=48,nprobe=32,L=100,0.6535,442
IVF-PQ(OpenMP)+Rerank,nlist=512,m=48,nprobe=32,L=200,0.798,464
IVF-PQ(OpenMP)+Rerank,nlist=512,m=48,nprobe=32,L=500,0.9375,567
IVF-PQ(OpenMP)+Rerank,nlist=512,m=48,nprobe=64,L=100,0.5535,519
IVF-PQ(OpenMP)+Rerank,nlist=512,m=48,nprobe=64,L=200,0.699,541
IVF-PQ(OpenMP)+Rerank,nlist=512,m=48,nprobe=64,L=500,0.888,641
IVF-PQ(OpenMP)+Rerank,nlist=512,m=48,nprobe=128,L=100,0.4575,665
IVF-PQ(OpenMP)+Rerank,nlist=512,m=48,nprobe=128,L=200,0.595,686
IVF-PQ(OpenMP)+Rerank,nlist=512,m=48,nprobe=128,L=500,0.798,999
IVF-PQ(OpenMP)+Rerank,nlist=512,m=8,nprobe=4,L=100,0.6665,320
IVF-PQ(OpenMP)+Rerank,nlist=512,m=8,nprobe=4,L=200,0.729,350
IVF-PQ(OpenMP)+Rerank,nlist=512,m=8,nprobe=4,L=500,0.7465,461
IVF-PQ(OpenMP)+Rerank,nlist=512,m=8,nprobe=8,L=100,0.668,323
IVF-PQ(OpenMP)+Rerank,nlist=512,m=8,nprobe=8,L=200,0.784,351
IVF-PQ(OpenMP)+Rerank,nlist=512,m=8,nprobe=8,L=500,0.8555,430
IVF-PQ(OpenMP)+Rerank,nlist=512,m=8,nprobe=12,L=100,0.63,315
IVF-PQ(OpenMP)+Rerank,nlist=512,m=8,nprobe=12,L=200,0.775,352
IVF-PQ(OpenMP)+Rerank,nlist=512,m=8,nprobe=12,L=500,0.8815,452
IVF-PQ(OpenMP)+Rerank,nlist=512,m=8,nprobe=16,L=100,0.593,347
IVF-PQ(OpenMP)+Rerank,nlist=512,m=8,nprobe=16,L=200,0.751,367
IVF-PQ(OpenMP)+Rerank,nlist=512,m=8,nprobe=16,L=500,0.892,463
IVF-PQ(OpenMP)+Rerank,nlist=512,m=8,nprobe=20,L=100,0.557,335
IVF-PQ(OpenMP)+Rerank,nlist=512,m=8,nprobe=20,L=200,0.7165,368
IVF-PQ(OpenMP)+Rerank,nlist=512,m=8,nprobe=20,L=500,0.877,460
IVF-PQ(OpenMP)+Rerank,nlist=512,m=8,nprobe=24,L=100,0.53,341
IVF-PQ(OpenMP)+Rerank,nlist=512,m=8,nprobe=24,L=200,0.686,364
IVF-PQ(OpenMP)+Rerank,nlist=512,m=8,nprobe=24,L=500,0.8635,467
IVF-PQ(OpenMP)+Rerank,nlist=512,m=8,nprobe=32,L=100,0.489,351
IVF-PQ(OpenMP)+Rerank,nlist=512,m=8,nprobe=32,L=200,0.6485,387
IVF-PQ(OpenMP)+Rerank,nlist=512,m=8,nprobe=32,L=500,0.84,478
IVF-PQ(OpenMP)+Rerank,nlist=512,m=8,nprobe=64,L=100,0.3865,403
IVF-PQ(OpenMP)+Rerank,nlist=512,m=8,nprobe=64,L=200,0.5325,434
IVF-PQ(OpenMP)+Rerank,nlist=512,m=8,nprobe=64,L=500,0.742,591
IVF-PQ(OpenMP)+Rerank,nlist=512,m=8,nprobe=128,L=100,0.2865,587
IVF-PQ(OpenMP)+Rerank,nlist=512,m=8,nprobe=128,L=200,0.4135,596
IVF-PQ(OpenMP)+Rerank,nlist=512,m=8,nprobe=128,L=500,0.621,672
IVF-PQ(OpenMP)+Rerank,nlist=64,m=16,nprobe=4,L=100,0.747,407
IVF-PQ(OpenMP)+Rerank,nlist=64,m=16,nprobe=4,L=200,0.8395,433
IVF-PQ(OpenMP)+Rerank,nlist=64,m=16,nprobe=4,L=500,0.8945,525
IVF-PQ(OpenMP)+Rerank,nlist=64,m=16,nprobe=8,L=100,0.705,455
IVF-PQ(OpenMP)+Rerank,nlist=64,m=16,nprobe=8,L=200,0.822,467
IVF-PQ(OpenMP)+Rerank,nlist=64,m=16,nprobe=8,L=500,0.918,566
IVF-PQ(OpenMP)+Rerank,nlist=64,m=16,nprobe=12,L=100,0.668,507
IVF-PQ(OpenMP)+Rerank,nlist=64,m=16,nprobe=12,L=200,0.7915,529
IVF-PQ(OpenMP)+Rerank,nlist=64,m=16,nprobe=12,L=500,0.9135,793
IVF-PQ(OpenMP)+Rerank,nlist=64,m=16,nprobe=16,L=100,0.638,571
IVF-PQ(OpenMP)+Rerank,nlist=64,m=16,nprobe=16,L=200,0.767,606
IVF-PQ(OpenMP)+Rerank,nlist=64,m=16,nprobe=16,L=500,0.901,696
IVF-PQ(OpenMP)+Rerank,nlist=64,m=16,nprobe=20,L=100,0.609,637
IVF-PQ(OpenMP)+Rerank,nlist=64,m=16,nprobe=20,L=200,0.744,656
IVF-PQ(OpenMP)+Rerank,nlist=64,m=16,nprobe=20,L=500,0.888,772
IVF-PQ(OpenMP)+Rerank,nlist=64,m=16,nprobe=24,L=100,0.5915,712
IVF-PQ(OpenMP)+Rerank,nlist=64,m=16,nprobe=24,L=200,0.7245,725
IVF-PQ(OpenMP)+Rerank,nlist=64,m=16,nprobe=24,L=500,0.8765,813
IVF-PQ(OpenMP)+Rerank,nlist=64,m=16,nprobe=32,L=100,0.5655,891
IVF-PQ(OpenMP)+Rerank,nlist=64,m=16,nprobe=32,L=200,0.705,985
IVF-PQ(OpenMP)+Rerank,nlist=64,m=16,nprobe=32,L=500,0.862,1078
IVF-PQ(OpenMP)+Rerank,nlist=64,m=16,nprobe=64,L=100,0.505,1530
IVF-PQ(OpenMP)+Rerank,nlist=64,m=16,nprobe=64,L=200,0.6365,1715
IVF-PQ(OpenMP)+Rerank,nlist=64,m=16,nprobe=64,L=500,0.7955,1581
IVF-PQ(OpenMP)+Rerank,nlist=64,m=32,nprobe=4,L=100,0.78,455
IVF-PQ(OpenMP)+Rerank,nlist=64,m=32,nprobe=4,L=200,0.851,476
IVF-PQ(OpenMP)+Rerank,nlist=64,m=32,nprobe=4,L=500,0.897,558
IVF-PQ(OpenMP)+Rerank,nlist=64,m=32,nprobe=8,L=100,0.739,498
IVF-PQ(OpenMP)+Rerank,nlist=64,m=32,nprobe=8,L=200,0.847,538
IVF-PQ(OpenMP)+Rerank,nlist=64,m=32,nprobe=8,L=500,0.931,628
IVF-PQ(OpenMP)+Rerank,nlist=64,m=32,nprobe=12,L=100,0.717,570
IVF-PQ(OpenMP)+Rerank,nlist=64,m=32,nprobe=12,L=200,0.829,611
IVF-PQ(OpenMP)+Rerank,nlist=64,m=32,nprobe=12,L=500,0.9335,857
IVF-PQ(OpenMP)+Rerank,nlist=64,m=32,nprobe=16,L=100,0.694,654
IVF-PQ(OpenMP)+Rerank,nlist=64,m=32,nprobe=16,L=200,0.8125,683
IVF-PQ(OpenMP)+Rerank,nlist=64,m=32,nprobe=16,L=500,0.9245,762
IVF-PQ(OpenMP)+Rerank,nlist=64,m=32,nprobe=20,L=100,0.667,722
IVF-PQ(OpenMP)+Rerank,nlist=64,m=32,nprobe=20,L=200,0.7935,738
IVF-PQ(OpenMP)+Rerank,nlist=64,m=32,nprobe=20,L=500,0.9115,827
IVF-PQ(OpenMP)+Rerank,nlist=64,m=32,nprobe=24,L=100,0.645,772
IVF-PQ(OpenMP)+Rerank,nlist=64,m=32,nprobe=24,L=200,0.779,802
IVF-PQ(OpenMP)+Rerank,nlist=64,m=32,nprobe=24,L=500,0.902,895
IVF-PQ(OpenMP)+Rerank,nlist=64,m=32,nprobe=32,L=100,0.618,918
IVF-PQ(OpenMP)+Rerank,nlist=64,m=32,nprobe=32,L=200,0.7545,930
IVF-PQ(OpenMP)+Rerank,nlist=64,m=32,nprobe=32,L=500,0.8815,1047
IVF-PQ(OpenMP)+Rerank,nlist=64,m=32,nprobe=64,L=100,0.552,1763
IVF-PQ(OpenMP)+Rerank,nlist=64,m=32,nprobe=64,L=200,0.6925,1769
IVF-PQ(OpenMP)+Rerank,nlist=64,m=32,nprobe=64,L=500,0.8315,1900
IVF-PQ(OpenMP)+Rerank,nlist=64,m=48,nprobe=4,L=100,0.788,480
IVF-PQ(OpenMP)+Rerank,nlist=64,m=48,nprobe=4,L=200,0.8545,503
IVF-PQ(OpenMP)+Rerank,nlist=64,m=48,nprobe=4,L=500,0.898,606
IVF-PQ(OpenMP)+Rerank,nlist=64,m=48,nprobe=8,L=100,0.7485,576
IVF-PQ(OpenMP)+Rerank,nlist=64,m=48,nprobe=8,L=200,0.852,580
IVF-PQ(OpenMP)+Rerank,nlist=64,m=48,nprobe=8,L=500,0.9315,653
IVF-PQ(OpenMP)+Rerank,nlist=64,m=48,nprobe=12,L=100,0.726,617
IVF-PQ(OpenMP)+Rerank,nlist=64,m=48,nprobe=12,L=200,0.834,646
IVF-PQ(OpenMP)+Rerank,nlist=64,m=48,nprobe=12,L=500,0.9315,740
IVF-PQ(OpenMP)+Rerank,nlist=64,m=48,nprobe=16,L=100,0.6995,722
IVF-PQ(OpenMP)+Rerank,nlist=64,m=48,nprobe=16,L=200,0.8135,761
IVF-PQ(OpenMP)+Rerank,nlist=64,m=48,nprobe=16,L=500,0.924,1085
IVF-PQ(OpenMP)+Rerank,nlist=64,m=48,nprobe=20,L=100,0.678,861
IVF-PQ(OpenMP)+Rerank,nlist=64,m=48,nprobe=20,L=200,0.793,888
IVF-PQ(OpenMP)+Rerank,nlist=64,m=48,nprobe=20,L=500,0.9115,979
IVF-PQ(OpenMP)+Rerank,nlist=64,m=48,nprobe=24,L=100,0.6595,912
IVF-PQ(OpenMP)+Rerank,nlist=64,m=48,nprobe=24,L=200,0.7795,938
IVF-PQ(OpenMP)+Rerank,nlist=64,m=48,nprobe=24,L=500,0.902,1044
IVF-PQ(OpenMP)+Rerank,nlist=64,m=48,nprobe=32,L=100,0.628,1055
IVF-PQ(OpenMP)+Rerank,nlist=64,m=48,nprobe=32,L=200,0.758,1045
IVF-PQ(OpenMP)+Rerank,nlist=64,m=48,nprobe=32,L=500,0.8835,1162
IVF-PQ(OpenMP)+Rerank,nlist=64,m=48,nprobe=64,L=100,0.5655,1919
IVF-PQ(OpenMP)+Rerank,nlist=64,m=48,nprobe=64,L=200,0.6935,1963
IVF-PQ(OpenMP)+Rerank,nlist=64,m=48,nprobe=64,L=500,0.828,2052
IVF-PQ(OpenMP)+Rerank,nlist=64,m=8,nprobe=4,L=100,0.654,344
IVF-PQ(OpenMP)+Rerank,nlist=64,m=8,nprobe=4,L=200,0.769,374
IVF-PQ(OpenMP)+Rerank,nlist=64,m=8,nprobe=4,L=500,0.862,472
IVF-PQ(OpenMP)+Rerank,nlist=64,m=8,nprobe=8,L=100,0.5925,386
IVF-PQ(OpenMP)+Rerank,nlist=64,m=8,nprobe=8,L=200,0.718,436
IVF-PQ(OpenMP)+Rerank,nlist=64,m=8,nprobe=8,L=500,0.86,526
IVF-PQ(OpenMP)+Rerank,nlist=64,m=8,nprobe=12,L=100,0.549,445
IVF-PQ(OpenMP)+Rerank,nlist=64,m=8,nprobe=12,L=200,0.6875,462
IVF-PQ(OpenMP)+Rerank,nlist=64,m=8,nprobe=12,L=500,0.836,573
IVF-PQ(OpenMP)+Rerank,nlist=64,m=8,nprobe=16,L=100,0.525,512
IVF-PQ(OpenMP)+Rerank,nlist=64,m=8,nprobe=16,L=200,0.653,521
IVF-PQ(OpenMP)+Rerank,nlist=64,m=8,nprobe=16,L=500,0.813,654
IVF-PQ(OpenMP)+Rerank,nlist=64,m=8,nprobe=20,L=100,0.499,571
IVF-PQ(OpenMP)+Rerank,nlist=64,m=8,nprobe=20,L=200,0.627,606
IVF-PQ(OpenMP)+Rerank,nlist=64,m=8,nprobe=20,L=500,0.7895,685
IVF-PQ(OpenMP)+Rerank,nlist=64,m=8,nprobe=24,L=100,0.4805,837
IVF-PQ(OpenMP)+Rerank,nlist=64,m=8,nprobe=24,L=200,0.6115,659
IVF-PQ(OpenMP)+Rerank,nlist=64,m=8,nprobe=24,L=500,0.775,761
IVF-PQ(OpenMP)+Rerank,nlist=64,m=8,nprobe=32,L=100,0.4485,791
IVF-PQ(OpenMP)+Rerank,nlist=64,m=8,nprobe=32,L=200,0.587,741
IVF-PQ(OpenMP)+Rerank,nlist=64,m=8,nprobe=32,L=500,0.749,830
IVF-PQ(OpenMP)+Rerank,nlist=64,m=8,nprobe=64,L=100,0.3945,1253
IVF-PQ(OpenMP)+Rerank,nlist=64,m=8,nprobe=64,L=200,0.523,1208
IVF-PQ(OpenMP)+Rerank,nlist=64,m=8,nprobe=64,L=500,0.6795,1323
IVF-PQ(pthread)+Rerank,nlist=128,m=16,nprobe=4,L=100,0.7475,1925
IVF-PQ(pthread)+Rerank,nlist=128,m=16,nprobe=4,L=200,0.826,1681
IVF-PQ(pthread)+Rerank,nlist=128,m=16,nprobe=4,L=500,0.869,1937
IVF-PQ(pthread)+Rerank,nlist=128,m=16,nprobe=8,L=100,0.705,1673
IVF-PQ(pthread)+Rerank,nlist=128,m=16,nprobe=8,L=200,0.822,1880
IVF-PQ(pthread)+Rerank,nlist=128,m=16,nprobe=8,L=500,0.917,1701
IVF-PQ(pthread)+Rerank,nlist=128,m=16,nprobe=12,L=100,0.658,1768
IVF-PQ(pthread)+Rerank,nlist=128,m=16,nprobe=12,L=200,0.795,1922
IVF-PQ(pthread)+Rerank,nlist=128,m=16,nprobe=12,L=500,0.9165,1749
IVF-PQ(pthread)+Rerank,nlist=128,m=16,nprobe=16,L=100,0.6145,1745
IVF-PQ(pthread)+Rerank,nlist=128,m=16,nprobe=16,L=200,0.768,1731
IVF-PQ(pthread)+Rerank,nlist=128,m=16,nprobe=16,L=500,0.9065,1941
IVF-PQ(pthread)+Rerank,nlist=128,m=16,nprobe=20,L=100,0.5845,1786
IVF-PQ(pthread)+Rerank,nlist=128,m=16,nprobe=20,L=200,0.739,1797
IVF-PQ(pthread)+Rerank,nlist=128,m=16,nprobe=20,L=500,0.8905,1794
IVF-PQ(pthread)+Rerank,nlist=128,m=16,nprobe=24,L=100,0.5575,1996
IVF-PQ(pthread)+Rerank,nlist=128,m=16,nprobe=24,L=200,0.7155,1854
IVF-PQ(pthread)+Rerank,nlist=128,m=16,nprobe=24,L=500,0.8675,1875
IVF-PQ(pthread)+Rerank,nlist=128,m=16,nprobe=32,L=100,0.5255,2110
IVF-PQ(pthread)+Rerank,nlist=128,m=16,nprobe=32,L=200,0.681,1929
IVF-PQ(pthread)+Rerank,nlist=128,m=16,nprobe=32,L=500,0.84,1919
IVF-PQ(pthread)+Rerank,nlist=128,m=16,nprobe=64,L=100,0.4455,2426
IVF-PQ(pthread)+Rerank,nlist=128,m=16,nprobe=64,L=200,0.593,2220
IVF-PQ(pthread)+Rerank,nlist=128,m=16,nprobe=64,L=500,0.7755,2267
IVF-PQ(pthread)+Rerank,nlist=128,m=16,nprobe=128,L=100,0.3885,2744
IVF-PQ(pthread)+Rerank,nlist=128,m=16,nprobe=128,L=200,0.5095,3062
IVF-PQ(pthread)+Rerank,nlist=128,m=16,nprobe=128,L=500,0.6965,2858
IVF-PQ(pthread)+Rerank,nlist=128,m=32,nprobe=4,L=100,0.7735,1586
IVF-PQ(pthread)+Rerank,nlist=128,m=32,nprobe=4,L=200,0.8405,1616
IVF-PQ(pthread)+Rerank,nlist=128,m=32,nprobe=4,L=500,0.8705,1592
IVF-PQ(pthread)+Rerank,nlist=128,m=32,nprobe=8,L=100,0.757,1630
IVF-PQ(pthread)+Rerank,nlist=128,m=32,nprobe=8,L=200,0.852,1627
IVF-PQ(pthread)+Rerank,nlist=128,m=32,nprobe=8,L=500,0.926,1646
IVF-PQ(pthread)+Rerank,nlist=128,m=32,nprobe=12,L=100,0.7195,1704
IVF-PQ(pthread)+Rerank,nlist=128,m=32,nprobe=12,L=200,0.8395,1669
IVF-PQ(pthread)+Rerank,nlist=128,m=32,nprobe=12,L=500,0.9335,1698
IVF-PQ(pthread)+Rerank,nlist=128,m=32,nprobe=16,L=100,0.6775,1722
IVF-PQ(pthread)+Rerank,nlist=128,m=32,nprobe=16,L=200,0.8125,1720
IVF-PQ(pthread)+Rerank,nlist=128,m=32,nprobe=16,L=500,0.931,1877
IVF-PQ(pthread)+Rerank,nlist=128,m=32,nprobe=20,L=100,0.642,1861
IVF-PQ(pthread)+Rerank,nlist=128,m=32,nprobe=20,L=200,0.7935,1802
IVF-PQ(pthread)+Rerank,nlist=128,m=32,nprobe=20,L=500,0.9185,2217
IVF-PQ(pthread)+Rerank,nlist=128,m=32,nprobe=24,L=100,0.609,1971
IVF-PQ(pthread)+Rerank,nlist=128,m=32,nprobe=24,L=200,0.769,1883
IVF-PQ(pthread)+Rerank,nlist=128,m=32,nprobe=24,L=500,0.9095,1899
IVF-PQ(pthread)+Rerank,nlist=128,m=32,nprobe=32,L=100,0.578,1967
IVF-PQ(pthread)+Rerank,nlist=128,m=32,nprobe=32,L=200,0.735,2190
IVF-PQ(pthread)+Rerank,nlist=128,m=32,nprobe=32,L=500,0.8885,2020
IVF-PQ(pthread)+Rerank,nlist=128,m=32,nprobe=64,L=100,0.5025,2458
IVF-PQ(pthread)+Rerank,nlist=128,m=32,nprobe=64,L=200,0.6535,2368
IVF-PQ(pthread)+Rerank,nlist=128,m=32,nprobe=64,L=500,0.8225,2454
IVF-PQ(pthread)+Rerank,nlist=128,m=32,nprobe=128,L=100,0.435,3145
IVF-PQ(pthread)+Rerank,nlist=128,m=32,nprobe=128,L=200,0.577,4956
IVF-PQ(pthread)+Rerank,nlist=128,m=32,nprobe=128,L=500,0.7355,8274
IVF-PQ(pthread)+Rerank,nlist=128,m=48,nprobe=4,L=100,0.7785,4580
IVF-PQ(pthread)+Rerank,nlist=128,m=48,nprobe=4,L=200,0.8395,3393
IVF-PQ(pthread)+Rerank,nlist=128,m=48,nprobe=4,L=500,0.87,1959
IVF-PQ(pthread)+Rerank,nlist=128,m=48,nprobe=8,L=100,0.7595,4361
IVF-PQ(pthread)+Rerank,nlist=128,m=48,nprobe=8,L=200,0.856,2630
IVF-PQ(pthread)+Rerank,nlist=128,m=48,nprobe=8,L=500,0.928,1954
IVF-PQ(pthread)+Rerank,nlist=128,m=48,nprobe=12,L=100,0.7255,1937
IVF-PQ(pthread)+Rerank,nlist=128,m=48,nprobe=12,L=200,0.839,3871
IVF-PQ(pthread)+Rerank,nlist=128,m=48,nprobe=12,L=500,0.936,3974
IVF-PQ(pthread)+Rerank,nlist=128,m=48,nprobe=16,L=100,0.686,2035
IVF-PQ(pthread)+Rerank,nlist=128,m=48,nprobe=16,L=200,0.825,2136
IVF-PQ(pthread)+Rerank,nlist=128,m=48,nprobe=16,L=500,0.9305,2409
IVF-PQ(pthread)+Rerank,nlist=128,m=48,nprobe=20,L=100,0.652,3710
IVF-PQ(pthread)+Rerank,nlist=128,m=48,nprobe=20,L=200,0.799,2167
IVF-PQ(pthread)+Rerank,nlist=128,m=48,nprobe=20,L=500,0.921,5166
IVF-PQ(pthread)+Rerank,nlist=128,m=48,nprobe=24,L=100,0.622,4154
IVF-PQ(pthread)+Rerank,nlist=128,m=48,nprobe=24,L=200,0.772,2768
IVF-PQ(pthread)+Rerank,nlist=128,m=48,nprobe=24,L=500,0.907,2265
IVF-PQ(pthread)+Rerank,nlist=128,m=48,nprobe=32,L=100,0.588,4183
IVF-PQ(pthread)+Rerank,nlist=128,m=48,nprobe=32,L=200,0.7435,3974
IVF-PQ(pthread)+Rerank,nlist=128,m=48,nprobe=32,L=500,0.89,2556
IVF-PQ(pthread)+Rerank,nlist=128,m=48,nprobe=64,L=100,0.5145,4589
IVF-PQ(pthread)+Rerank,nlist=128,m=48,nprobe=64,L=200,0.6615,4463
IVF-PQ(pthread)+Rerank,nlist=128,m=48,nprobe=64,L=500,0.829,4241
IVF-PQ(pthread)+Rerank,nlist=128,m=48,nprobe=128,L=100,0.446,7392
IVF-PQ(pthread)+Rerank,nlist=128,m=48,nprobe=128,L=200,0.5855,5978
IVF-PQ(pthread)+Rerank,nlist=128,m=48,nprobe=128,L=500,0.7445,7213
IVF-PQ(pthread)+Rerank,nlist=128,m=8,nprobe=4,L=100,0.658,2448
IVF-PQ(pthread)+Rerank,nlist=128,m=8,nprobe=4,L=200,0.7555,2216
IVF-PQ(pthread)+Rerank,nlist=128,m=8,nprobe=4,L=500,0.853,2639
IVF-PQ(pthread)+Rerank,nlist=128,m=8,nprobe=8,L=100,0.5975,1965
IVF-PQ(pthread)+Rerank,nlist=128,m=8,nprobe=8,L=200,0.7355,2638
IVF-PQ(pthread)+Rerank,nlist=128,m=8,nprobe=8,L=500,0.865,2081
IVF-PQ(pthread)+Rerank,nlist=128,m=8,nprobe=12,L=100,0.539,3156
IVF-PQ(pthread)+Rerank,nlist=128,m=8,nprobe=12,L=200,0.6905,1984
IVF-PQ(pthread)+Rerank,nlist=128,m=8,nprobe=12,L=500,0.841,1975
IVF-PQ(pthread)+Rerank,nlist=128,m=8,nprobe=16,L=100,0.498,1819
IVF-PQ(pthread)+Rerank,nlist=128,m=8,nprobe=16,L=200,0.6575,1868
IVF-PQ(pthread)+Rerank,nlist=128,m=8,nprobe=16,L=500,0.825,4390
IVF-PQ(pthread)+Rerank,nlist=128,m=8,nprobe=20,L=100,0.4685,2943
IVF-PQ(pthread)+Rerank,nlist=128,m=8,nprobe=20,L=200,0.623,2765
IVF-PQ(pthread)+Rerank,nlist=128,m=8,nprobe=20,L=500,0.8,2098
IVF-PQ(pthread)+Rerank,nlist=128,m=8,nprobe=24,L=100,0.4395,2743
IVF-PQ(pthread)+Rerank,nlist=128,m=8,nprobe=24,L=200,0.588,1889
IVF-PQ(pthread)+Rerank,nlist=128,m=8,nprobe=24,L=500,0.7805,1924
IVF-PQ(pthread)+Rerank,nlist=128,m=8,nprobe=32,L=100,0.4065,2139
IVF-PQ(pthread)+Rerank,nlist=128,m=8,nprobe=32,L=200,0.549,2122
IVF-PQ(pthread)+Rerank,nlist=128,m=8,nprobe=32,L=500,0.749,4708
IVF-PQ(pthread)+Rerank,nlist=128,m=8,nprobe=64,L=100,0.332,2491
IVF-PQ(pthread)+Rerank,nlist=128,m=8,nprobe=64,L=200,0.4605,2474
IVF-PQ(pthread)+Rerank,nlist=128,m=8,nprobe=64,L=500,0.6495,2392
IVF-PQ(pthread)+Rerank,nlist=128,m=8,nprobe=128,L=100,0.277,3648
IVF-PQ(pthread)+Rerank,nlist=128,m=8,nprobe=128,L=200,0.3915,5976
IVF-PQ(pthread)+Rerank,nlist=128,m=8,nprobe=128,L=500,0.571,6030
IVF-PQ(pthread)+Rerank,nlist=256,m=16,nprobe=4,L=100,0.7415,3210
IVF-PQ(pthread)+Rerank,nlist=256,m=16,nprobe=4,L=200,0.7965,3338
IVF-PQ(pthread)+Rerank,nlist=256,m=16,nprobe=4,L=500,0.8165,3787
IVF-PQ(pthread)+Rerank,nlist=256,m=16,nprobe=8,L=100,0.731,2771
IVF-PQ(pthread)+Rerank,nlist=256,m=16,nprobe=8,L=200,0.8375,1851
IVF-PQ(pthread)+Rerank,nlist=256,m=16,nprobe=8,L=500,0.8995,1836
IVF-PQ(pthread)+Rerank,nlist=256,m=16,nprobe=12,L=100,0.683,1750
IVF-PQ(pthread)+Rerank,nlist=256,m=16,nprobe=12,L=200,0.8195,1917
IVF-PQ(pthread)+Rerank,nlist=256,m=16,nprobe=12,L=500,0.9215,1931
IVF-PQ(pthread)+Rerank,nlist=256,m=16,nprobe=16,L=100,0.653,2423
IVF-PQ(pthread)+Rerank,nlist=256,m=16,nprobe=16,L=200,0.7925,2759
IVF-PQ(pthread)+Rerank,nlist=256,m=16,nprobe=16,L=500,0.9225,2415
IVF-PQ(pthread)+Rerank,nlist=256,m=16,nprobe=20,L=100,0.6185,1943
IVF-PQ(pthread)+Rerank,nlist=256,m=16,nprobe=20,L=200,0.769,2814
IVF-PQ(pthread)+Rerank,nlist=256,m=16,nprobe=20,L=500,0.9185,2593
IVF-PQ(pthread)+Rerank,nlist=256,m=16,nprobe=24,L=100,0.5915,2558
IVF-PQ(pthread)+Rerank,nlist=256,m=16,nprobe=24,L=200,0.745,1941
IVF-PQ(pthread)+Rerank,nlist=256,m=16,nprobe=24,L=500,0.905,3597
IVF-PQ(pthread)+Rerank,nlist=256,m=16,nprobe=32,L=100,0.551,1930
IVF-PQ(pthread)+Rerank,nlist=256,m=16,nprobe=32,L=200,0.702,2704
IVF-PQ(pthread)+Rerank,nlist=256,m=16,nprobe=32,L=500,0.879,3175
IVF-PQ(pthread)+Rerank,nlist=256,m=16,nprobe=64,L=100,0.454,2839
IVF-PQ(pthread)+Rerank,nlist=256,m=16,nprobe=64,L=200,0.6,2132
IVF-PQ(pthread)+Rerank,nlist=256,m=16,nprobe=64,L=500,0.799,2235
IVF-PQ(pthread)+Rerank,nlist=256,m=16,nprobe=128,L=100,0.3745,2338
IVF-PQ(pthread)+Rerank,nlist=256,m=16,nprobe=128,L=200,0.5115,2348
IVF-PQ(pthread)+Rerank,nlist=256,m=16,nprobe=128,L=500,0.7045,3611
IVF-PQ(pthread)+Rerank,nlist=256,m=32,nprobe=4,L=100,0.765,2432
IVF-PQ(pthread)+Rerank,nlist=256,m=32,nprobe=4,L=200,0.8045,1904
IVF-PQ(pthread)+Rerank,nlist=256,m=32,nprobe=4,L=500,0.816,1903
IVF-PQ(pthread)+Rerank,nlist=256,m=32,nprobe=8,L=100,0.772,1970
IVF-PQ(pthread)+Rerank,nlist=256,m=32,nprobe=8,L=200,0.8615,2977
IVF-PQ(pthread)+Rerank,nlist=256,m=32,nprobe=8,L=500,0.9075,2208
IVF-PQ(pthread)+Rerank,nlist=256,m=32,nprobe=12,L=100,0.735,1799
IVF-PQ(pthread)+Rerank,nlist=256,m=32,nprobe=12,L=200,0.857,3114
IVF-PQ(pthread)+Rerank,nlist=256,m=32,nprobe=12,L=500,0.9295,4042
IVF-PQ(pthread)+Rerank,nlist=256,m=32,nprobe=16,L=100,0.695,4036
IVF-PQ(pthread)+Rerank,nlist=256,m=32,nprobe=16,L=200,0.8395,2693
IVF-PQ(pthread)+Rerank,nlist=256,m=32,nprobe=16,L=500,0.933,3031
IVF-PQ(pthread)+Rerank,nlist=256,m=32,nprobe=20,L=100,0.6685,2699
IVF-PQ(pthread)+Rerank,nlist=256,m=32,nprobe=20,L=200,0.819,2924
IVF-PQ(pthread)+Rerank,nlist=256,m=32,nprobe=20,L=500,0.9305,3317
IVF-PQ(pthread)+Rerank,nlist=256,m=32,nprobe=24,L=100,0.6475,2139
IVF-PQ(pthread)+Rerank,nlist=256,m=32,nprobe=24,L=200,0.8005,3029
IVF-PQ(pthread)+Rerank,nlist=256,m=32,nprobe=24,L=500,0.9305,1964
IVF-PQ(pthread)+Rerank,nlist=256,m=32,nprobe=32,L=100,0.6005,1962
IVF-PQ(pthread)+Rerank,nlist=256,m=32,nprobe=32,L=200,0.762,1975
IVF-PQ(pthread)+Rerank,nlist=256,m=32,nprobe=32,L=500,0.912,2032
IVF-PQ(pthread)+Rerank,nlist=256,m=32,nprobe=64,L=100,0.499,2273
IVF-PQ(pthread)+Rerank,nlist=256,m=32,nprobe=64,L=200,0.6585,2239
IVF-PQ(pthread)+Rerank,nlist=256,m=32,nprobe=64,L=500,0.849,4666
IVF-PQ(pthread)+Rerank,nlist=256,m=32,nprobe=128,L=100,0.43,3561
IVF-PQ(pthread)+Rerank,nlist=256,m=32,nprobe=128,L=200,0.5635,7775
IVF-PQ(pthread)+Rerank,nlist=256,m=32,nprobe=128,L=500,0.7685,8386
IVF-PQ(pthread)+Rerank,nlist=256,m=48,nprobe=4,L=100,0.7715,4345
IVF-PQ(pthread)+Rerank,nlist=256,m=48,nprobe=4,L=200,0.8095,3783
IVF-PQ(pthread)+Rerank,nlist=256,m=48,nprobe=4,L=500,0.822,2906
IVF-PQ(pthread)+Rerank,nlist=256,m=48,nprobe=8,L=100,0.778,1648
IVF-PQ(pthread)+Rerank,nlist=256,m=48,nprobe=8,L=200,0.866,2141
IVF-PQ(pthread)+Rerank,nlist=256,m=48,nprobe=8,L=500,0.913,1731
IVF-PQ(pthread)+Rerank,nlist=256,m=48,nprobe=12,L=100,0.741,1784
IVF-PQ(pthread)+Rerank,nlist=256,m=48,nprobe=12,L=200,0.86,1763
IVF-PQ(pthread)+Rerank,nlist=256,m=48,nprobe=12,L=500,0.933,1936
IVF-PQ(pthread)+Rerank,nlist=256,m=48,nprobe=16,L=100,0.7065,1764
IVF-PQ(pthread)+Rerank,nlist=256,m=48,nprobe=16,L=200,0.8475,1780
IVF-PQ(pthread)+Rerank,nlist=256,m=48,nprobe=16,L=500,0.938,1856
IVF-PQ(pthread)+Rerank,nlist=256,m=48,nprobe=20,L=100,0.6825,1835
IVF-PQ(pthread)+Rerank,nlist=256,m=48,nprobe=20,L=200,0.8255,1806
IVF-PQ(pthread)+Rerank,nlist=256,m=48,nprobe=20,L=500,0.933,1760
IVF-PQ(pthread)+Rerank,nlist=256,m=48,nprobe=24,L=100,0.6475,1748
IVF-PQ(pthread)+Rerank,nlist=256,m=48,nprobe=24,L=200,0.7995,1783
IVF-PQ(pthread)+Rerank,nlist=256,m=48,nprobe=24,L=500,0.9305,1821
IVF-PQ(pthread)+Rerank,nlist=256,m=48,nprobe=32,L=100,0.6125,1877
IVF-PQ(pthread)+Rerank,nlist=256,m=48,nprobe=32,L=200,0.771,1871
IVF-PQ(pthread)+Rerank,nlist=256,m=48,nprobe=32,L=500,0.9205,1806
IVF-PQ(pthread)+Rerank,nlist=256,m=48,nprobe=64,L=100,0.5035,2046
IVF-PQ(pthread)+Rerank,nlist=256,m=48,nprobe=64,L=200,0.6645,2077
IVF-PQ(pthread)+Rerank,nlist=256,m=48,nprobe=64,L=500,0.8485,2071
IVF-PQ(pthread)+Rerank,nlist=256,m=48,nprobe=128,L=100,0.4305,2516
IVF-PQ(pthread)+Rerank,nlist=256,m=48,nprobe=128,L=200,0.566,2485
IVF-PQ(pthread)+Rerank,nlist=256,m=48,nprobe=128,L=500,0.7795,2559
IVF-PQ(pthread)+Rerank,nlist=256,m=8,nprobe=4,L=100,0.6705,1625
IVF-PQ(pthread)+Rerank,nlist=256,m=8,nprobe=4,L=200,0.7595,1659
IVF-PQ(pthread)+Rerank,nlist=256,m=8,nprobe=4,L=500,0.8085,1682
IVF-PQ(pthread)+Rerank,nlist=256,m=8,nprobe=8,L=100,0.635,1629
IVF-PQ(pthread)+Rerank,nlist=256,m=8,nprobe=8,L=200,0.761,1712
IVF-PQ(pthread)+Rerank,nlist=256,m=8,nprobe=8,L=500,0.878,1652
IVF-PQ(pthread)+Rerank,nlist=256,m=8,nprobe=12,L=100,0.59,1656
IVF-PQ(pthread)+Rerank,nlist=256,m=8,nprobe=12,L=200,0.732,1724
IVF-PQ(pthread)+Rerank,nlist=256,m=8,nprobe=12,L=500,0.876,1709
IVF-PQ(pthread)+Rerank,nlist=256,m=8,nprobe=16,L=100,0.5435,1750
IVF-PQ(pthread)+Rerank,nlist=256,m=8,nprobe=16,L=200,0.6895,1678
IVF-PQ(pthread)+Rerank,nlist=256,m=8,nprobe=16,L=500,0.856,1786
IVF-PQ(pthread)+Rerank,nlist=256,m=8,nprobe=20,L=100,0.518,1669
IVF-PQ(pthread)+Rerank,nlist=256,m=8,nprobe=20,L=200,0.6665,1646
IVF-PQ(pthread)+Rerank,nlist=256,m=8,nprobe=20,L=500,0.838,1708
IVF-PQ(pthread)+Rerank,nlist=256,m=8,nprobe=24,L=100,0.498,1625
IVF-PQ(pthread)+Rerank,nlist=256,m=8,nprobe=24,L=200,0.6415,1665
IVF-PQ(pthread)+Rerank,nlist=256,m=8,nprobe=24,L=500,0.821,1633
IVF-PQ(pthread)+Rerank,nlist=256,m=8,nprobe=32,L=100,0.45,1714
IVF-PQ(pthread)+Rerank,nlist=256,m=8,nprobe=32,L=200,0.5895,1684
IVF-PQ(pthread)+Rerank,nlist=256,m=8,nprobe=32,L=500,0.786,1928
IVF-PQ(pthread)+Rerank,nlist=256,m=8,nprobe=64,L=100,0.3535,1903
IVF-PQ(pthread)+Rerank,nlist=256,m=8,nprobe=64,L=200,0.4905,1981
IVF-PQ(pthread)+Rerank,nlist=256,m=8,nprobe=64,L=500,0.6785,1983
IVF-PQ(pthread)+Rerank,nlist=256,m=8,nprobe=128,L=100,0.2825,2316
IVF-PQ(pthread)+Rerank,nlist=256,m=8,nprobe=128,L=200,0.398,2455
IVF-PQ(pthread)+Rerank,nlist=256,m=8,nprobe=128,L=500,0.5825,2323
IVF-PQ(pthread)+Rerank,nlist=512,m=16,nprobe=4,L=100,0.703,1670
IVF-PQ(pthread)+Rerank,nlist=512,m=16,nprobe=4,L=200,0.7405,1692
IVF-PQ(pthread)+Rerank,nlist=512,m=16,nprobe=4,L=500,0.748,1831
IVF-PQ(pthread)+Rerank,nlist=512,m=16,nprobe=8,L=100,0.745,1600
IVF-PQ(pthread)+Rerank,nlist=512,m=16,nprobe=8,L=200,0.8235,1604
IVF-PQ(pthread)+Rerank,nlist=512,m=16,nprobe=8,L=500,0.863,1616
IVF-PQ(pthread)+Rerank,nlist=512,m=16,nprobe=12,L=100,0.727,1629
IVF-PQ(pthread)+Rerank,nlist=512,m=16,nprobe=12,L=200,0.832,1635
IVF-PQ(pthread)+Rerank,nlist=512,m=16,nprobe=12,L=500,0.9,1854
IVF-PQ(pthread)+Rerank,nlist=512,m=16,nprobe=16,L=100,0.7085,1664
IVF-PQ(pthread)+Rerank,nlist=512,m=16,nprobe=16,L=200,0.8275,1642
IVF-PQ(pthread)+Rerank,nlist=512,m=16,nprobe=16,L=500,0.9175,1627
IVF-PQ(pthread)+Rerank,nlist=512,m=16,nprobe=20,L=100,0.6745,1684
IVF-PQ(pthread)+Rerank,nlist=512,m=16,nprobe=20,L=200,0.805,1780
IVF-PQ(pthread)+Rerank,nlist=512,m=16,nprobe=20,L=500,0.9165,2066
IVF-PQ(pthread)+Rerank,nlist=512,m=16,nprobe=24,L=100,0.644,2302
IVF-PQ(pthread)+Rerank,nlist=512,m=16,nprobe=24,L=200,0.787,2457
IVF-PQ(pthread)+Rerank,nlist=512,m=16,nprobe=24,L=500,0.9165,1891
IVF-PQ(pthread)+Rerank,nlist=512,m=16,nprobe=32,L=100,0.601,1748
IVF-PQ(pthread)+Rerank,nlist=512,m=16,nprobe=32,L=200,0.766,1805
IVF-PQ(pthread)+Rerank,nlist=512,m=16,nprobe=32,L=500,0.9075,1747
IVF-PQ(pthread)+Rerank,nlist=512,m=16,nprobe=64,L=100,0.488,1889
IVF-PQ(pthread)+Rerank,nlist=512,m=16,nprobe=64,L=200,0.6555,1891
IVF-PQ(pthread)+Rerank,nlist=512,m=16,nprobe=64,L=500,0.8455,1962
IVF-PQ(pthread)+Rerank,nlist=512,m=16,nprobe=128,L=100,0.3915,2182
IVF-PQ(pthread)+Rerank,nlist=512,m=16,nprobe=128,L=200,0.5345,2185
IVF-PQ(pthread)+Rerank,nlist=512,m=16,nprobe=128,L=500,0.751,2080
IVF-PQ(pthread)+Rerank,nlist=512,m=32,nprobe=4,L=100,0.72,1636
IVF-PQ(pthread)+Rerank,nlist=512,m=32,nprobe=4,L=200,0.745,1576
IVF-PQ(pthread)+Rerank,nlist=512,m=32,nprobe=4,L=500,0.748,1570
IVF-PQ(pthread)+Rerank,nlist=512,m=32,nprobe=8,L=100,0.773,1618
IVF-PQ(pthread)+Rerank,nlist=512,m=32,nprobe=8,L=200,0.8435,1693
IVF-PQ(pthread)+Rerank,nlist=512,m=32,nprobe=8,L=500,0.8625,1634
IVF-PQ(pthread)+Rerank,nlist=512,m=32,nprobe=12,L=100,0.7585,1661
IVF-PQ(pthread)+Rerank,nlist=512,m=32,nprobe=12,L=200,0.856,2798
IVF-PQ(pthread)+Rerank,nlist=512,m=32,nprobe=12,L=500,0.906,2023
IVF-PQ(pthread)+Rerank,nlist=512,m=32,nprobe=16,L=100,0.7425,1812
IVF-PQ(pthread)+Rerank,nlist=512,m=32,nprobe=16,L=200,0.8545,1691
IVF-PQ(pthread)+Rerank,nlist=512,m=32,nprobe=16,L=500,0.9305,1782
IVF-PQ(pthread)+Rerank,nlist=512,m=32,nprobe=20,L=100,0.708,1829
IVF-PQ(pthread)+Rerank,nlist=512,m=32,nprobe=20,L=200,0.835,1724
IVF-PQ(pthread)+Rerank,nlist=512,m=32,nprobe=20,L=500,0.9315,1872
IVF-PQ(pthread)+Rerank,nlist=512,m=32,nprobe=24,L=100,0.683,1840
IVF-PQ(pthread)+Rerank,nlist=512,m=32,nprobe=24,L=200,0.8215,1679
IVF-PQ(pthread)+Rerank,nlist=512,m=32,nprobe=24,L=500,0.9365,1793
IVF-PQ(pthread)+Rerank,nlist=512,m=32,nprobe=32,L=100,0.646,1730
IVF-PQ(pthread)+Rerank,nlist=512,m=32,nprobe=32,L=200,0.793,1794
IVF-PQ(pthread)+Rerank,nlist=512,m=32,nprobe=32,L=500,0.932,2566
IVF-PQ(pthread)+Rerank,nlist=512,m=32,nprobe=64,L=100,0.5415,2532
IVF-PQ(pthread)+Rerank,nlist=512,m=32,nprobe=64,L=200,0.6945,3335
IVF-PQ(pthread)+Rerank,nlist=512,m=32,nprobe=64,L=500,0.8825,3705
IVF-PQ(pthread)+Rerank,nlist=512,m=32,nprobe=128,L=100,0.447,4008
IVF-PQ(pthread)+Rerank,nlist=512,m=32,nprobe=128,L=200,0.5905,3572
IVF-PQ(pthread)+Rerank,nlist=512,m=32,nprobe=128,L=500,0.7915,3537
IVF-PQ(pthread)+Rerank,nlist=512,m=48,nprobe=4,L=100,0.725,2622
IVF-PQ(pthread)+Rerank,nlist=512,m=48,nprobe=4,L=200,0.744,2596
IVF-PQ(pthread)+Rerank,nlist=512,m=48,nprobe=4,L=500,0.748,2952
IVF-PQ(pthread)+Rerank,nlist=512,m=48,nprobe=8,L=100,0.775501,2155
IVF-PQ(pthread)+Rerank,nlist=512,m=48,nprobe=8,L=200,0.844,1904
IVF-PQ(pthread)+Rerank,nlist=512,m=48,nprobe=8,L=500,0.8625,1835
IVF-PQ(pthread)+Rerank,nlist=512,m=48,nprobe=12,L=100,0.7615,1845
IVF-PQ(pthread)+Rerank,nlist=512,m=48,nprobe=12,L=200,0.8585,1877
IVF-PQ(pthread)+Rerank,nlist=512,m=48,nprobe=12,L=500,0.905,1850
IVF-PQ(pthread)+Rerank,nlist=512,m=48,nprobe=16,L=100,0.7415,1863
IVF-PQ(pthread)+Rerank,nlist=512,m=48,nprobe=16,L=200,0.862,1769
IVF-PQ(pthread)+Rerank,nlist=512,m=48,nprobe=16,L=500,0.929,1697
IVF-PQ(pthread)+Rerank,nlist=512,m=48,nprobe=20,L=100,0.713,1827
IVF-PQ(pthread)+Rerank,nlist=512,m=48,nprobe=20,L=200,0.844,1899
IVF-PQ(pthread)+Rerank,nlist=512,m=48,nprobe=20,L=500,0.933,1701
IVF-PQ(pthread)+Rerank,nlist=512,m=48,nprobe=24,L=100,0.6895,1788
IVF-PQ(pthread)+Rerank,nlist=512,m=48,nprobe=24,L=200,0.8295,1743
IVF-PQ(pthread)+Rerank,nlist=512,m=48,nprobe=24,L=500,0.9365,1741
IVF-PQ(pthread)+Rerank,nlist=512,m=48,nprobe=32,L=100,0.6535,1784
IVF-PQ(pthread)+Rerank,nlist=512,m=48,nprobe=32,L=200,0.798,1804
IVF-PQ(pthread)+Rerank,nlist=512,m=48,nprobe=32,L=500,0.9375,1791
IVF-PQ(pthread)+Rerank,nlist=512,m=48,nprobe=64,L=100,0.5535,1952
IVF-PQ(pthread)+Rerank,nlist=512,m=48,nprobe=64,L=200,0.699,1981
IVF-PQ(pthread)+Rerank,nlist=512,m=48,nprobe=64,L=500,0.888,1887
IVF-PQ(pthread)+Rerank,nlist=512,m=48,nprobe=128,L=100,0.4575,2247
IVF-PQ(pthread)+Rerank,nlist=512,m=48,nprobe=128,L=200,0.595,2184
IVF-PQ(pthread)+Rerank,nlist=512,m=48,nprobe=128,L=500,0.798,2260
IVF-PQ(pthread)+Rerank,nlist=512,m=8,nprobe=4,L=100,0.6665,2130
IVF-PQ(pthread)+Rerank,nlist=512,m=8,nprobe=4,L=200,0.729,1822
IVF-PQ(pthread)+Rerank,nlist=512,m=8,nprobe=4,L=500,0.7465,1853
IVF-PQ(pthread)+Rerank,nlist=512,m=8,nprobe=8,L=100,0.668,1779
IVF-PQ(pthread)+Rerank,nlist=512,m=8,nprobe=8,L=200,0.784,1716
IVF-PQ(pthread)+Rerank,nlist=512,m=8,nprobe=8,L=500,0.8555,1885
IVF-PQ(pthread)+Rerank,nlist=512,m=8,nprobe=12,L=100,0.63,1759
IVF-PQ(pthread)+Rerank,nlist=512,m=8,nprobe=12,L=200,0.775,2034
IVF-PQ(pthread)+Rerank,nlist=512,m=8,nprobe=12,L=500,0.8815,1786
IVF-PQ(pthread)+Rerank,nlist=512,m=8,nprobe=16,L=100,0.593,1756
IVF-PQ(pthread)+Rerank,nlist=512,m=8,nprobe=16,L=200,0.751,1784
IVF-PQ(pthread)+Rerank,nlist=512,m=8,nprobe=16,L=500,0.892,1972
IVF-PQ(pthread)+Rerank,nlist=512,m=8,nprobe=20,L=100,0.557,1722
IVF-PQ(pthread)+Rerank,nlist=512,m=8,nprobe=20,L=200,0.7165,1774
IVF-PQ(pthread)+Rerank,nlist=512,m=8,nprobe=20,L=500,0.877,1723
IVF-PQ(pthread)+Rerank,nlist=512,m=8,nprobe=24,L=100,0.53,2081
IVF-PQ(pthread)+Rerank,nlist=512,m=8,nprobe=24,L=200,0.686,1836
IVF-PQ(pthread)+Rerank,nlist=512,m=8,nprobe=24,L=500,0.8635,1750
IVF-PQ(pthread)+Rerank,nlist=512,m=8,nprobe=32,L=100,0.489,1923
IVF-PQ(pthread)+Rerank,nlist=512,m=8,nprobe=32,L=200,0.6485,1730
IVF-PQ(pthread)+Rerank,nlist=512,m=8,nprobe=32,L=500,0.84,1770
IVF-PQ(pthread)+Rerank,nlist=512,m=8,nprobe=64,L=100,0.3865,2101
IVF-PQ(pthread)+Rerank,nlist=512,m=8,nprobe=64,L=200,0.5325,2061
IVF-PQ(pthread)+Rerank,nlist=512,m=8,nprobe=64,L=500,0.742,2056
IVF-PQ(pthread)+Rerank,nlist=512,m=8,nprobe=128,L=100,0.2865,2561
IVF-PQ(pthread)+Rerank,nlist=512,m=8,nprobe=128,L=200,0.4135,2379
IVF-PQ(pthread)+Rerank,nlist=512,m=8,nprobe=128,L=500,0.621,2258
IVF-PQ(pthread)+Rerank,nlist=64,m=16,nprobe=4,L=100,0.747,1707
IVF-PQ(pthread)+Rerank,nlist=64,m=16,nprobe=4,L=200,0.8395,1687
IVF-PQ(pthread)+Rerank,nlist=64,m=16,nprobe=4,L=500,0.8945,1673
IVF-PQ(pthread)+Rerank,nlist=64,m=16,nprobe=8,L=100,0.705,1805
IVF-PQ(pthread)+Rerank,nlist=64,m=16,nprobe=8,L=200,0.822,1808
IVF-PQ(pthread)+Rerank,nlist=64,m=16,nprobe=8,L=500,0.918,1754
IVF-PQ(pthread)+Rerank,nlist=64,m=16,nprobe=12,L=100,0.668,1763
IVF-PQ(pthread)+Rerank,nlist=64,m=16,nprobe=12,L=200,0.7915,1776
IVF-PQ(pthread)+Rerank,nlist=64,m=16,nprobe=12,L=500,0.9135,1780
IVF-PQ(pthread)+Rerank,nlist=64,m=16,nprobe=16,L=100,0.638,1842
IVF-PQ(pthread)+Rerank,nlist=64,m=16,nprobe=16,L=200,0.767,1841
IVF-PQ(pthread)+Rerank,nlist=64,m=16,nprobe=16,L=500,0.901,1843
IVF-PQ(pthread)+Rerank,nlist=64,m=16,nprobe=20,L=100,0.609,1905
IVF-PQ(pthread)+Rerank,nlist=64,m=16,nprobe=20,L=200,0.744,1898
IVF-PQ(pthread)+Rerank,nlist=64,m=16,nprobe=20,L=500,0.888,1880
IVF-PQ(pthread)+Rerank,nlist=64,m=16,nprobe=24,L=100,0.5915,1956
IVF-PQ(pthread)+Rerank,nlist=64,m=16,nprobe=24,L=200,0.7245,1980
IVF-PQ(pthread)+Rerank,nlist=64,m=16,nprobe=24,L=500,0.8765,1938
IVF-PQ(pthread)+Rerank,nlist=64,m=16,nprobe=32,L=100,0.5655,2075
IVF-PQ(pthread)+Rerank,nlist=64,m=16,nprobe=32,L=200,0.705,2085
IVF-PQ(pthread)+Rerank,nlist=64,m=16,nprobe=32,L=500,0.862,2096
IVF-PQ(pthread)+Rerank,nlist=64,m=16,nprobe=64,L=100,0.505,2751
IVF-PQ(pthread)+Rerank,nlist=64,m=16,nprobe=64,L=200,0.6365,3003
IVF-PQ(pthread)+Rerank,nlist=64,m=16,nprobe=64,L=500,0.7955,2704
IVF-PQ(pthread)+Rerank,nlist=64,m=32,nprobe=4,L=100,0.78,1780
IVF-PQ(pthread)+Rerank,nlist=64,m=32,nprobe=4,L=200,0.851,1772
IVF-PQ(pthread)+Rerank,nlist=64,m=32,nprobe=4,L=500,0.897,1712
IVF-PQ(pthread)+Rerank,nlist=64,m=32,nprobe=8,L=100,0.739,1718
IVF-PQ(pthread)+Rerank,nlist=64,m=32,nprobe=8,L=200,0.847,1732
IVF-PQ(pthread)+Rerank,nlist=64,m=32,nprobe=8,L=500,0.931,1787
IVF-PQ(pthread)+Rerank,nlist=64,m=32,nprobe=12,L=100,0.717,2033
IVF-PQ(pthread)+Rerank,nlist=64,m=32,nprobe=12,L=200,0.829,1831
IVF-PQ(pthread)+Rerank,nlist=64,m=32,nprobe=12,L=500,0.9335,1868
IVF-PQ(pthread)+Rerank,nlist=64,m=32,nprobe=16,L=100,0.694,2001
IVF-PQ(pthread)+Rerank,nlist=64,m=32,nprobe=16,L=200,0.8125,1943
IVF-PQ(pthread)+Rerank,nlist=64,m=32,nprobe=16,L=500,0.9245,1945
IVF-PQ(pthread)+Rerank,nlist=64,m=32,nprobe=20,L=100,0.667,2016
IVF-PQ(pthread)+Rerank,nlist=64,m=32,nprobe=20,L=200,0.7935,1969
IVF-PQ(pthread)+Rerank,nlist=64,m=32,nprobe=20,L=500,0.9115,1982
IVF-PQ(pthread)+Rerank,nlist=64,m=32,nprobe=24,L=100,0.645,2084
IVF-PQ(pthread)+Rerank,nlist=64,m=32,nprobe=24,L=200,0.779,2061
IVF-PQ(pthread)+Rerank,nlist=64,m=32,nprobe=24,L=500,0.902,2247
IVF-PQ(pthread)+Rerank,nlist=64,m=32,nprobe=32,L=100,0.618,2356
IVF-PQ(pthread)+Rerank,nlist=64,m=32,nprobe=32,L=200,0.7545,2330
IVF-PQ(pthread)+Rerank,nlist=64,m=32,nprobe=32,L=500,0.8815,2361
IVF-PQ(pthread)+Rerank,nlist=64,m=32,nprobe=64,L=100,0.552,3266
IVF-PQ(pthread)+Rerank,nlist=64,m=32,nprobe=64,L=200,0.6925,3016
IVF-PQ(pthread)+Rerank,nlist=64,m=32,nprobe=64,L=500,0.8315,2801
IVF-PQ(pthread)+Rerank,nlist=64,m=48,nprobe=4,L=100,0.788,1745
IVF-PQ(pthread)+Rerank,nlist=64,m=48,nprobe=4,L=200,0.8545,1816
IVF-PQ(pthread)+Rerank,nlist=64,m=48,nprobe=4,L=500,0.898,1769
IVF-PQ(pthread)+Rerank,nlist=64,m=48,nprobe=8,L=100,0.7485,1863
IVF-PQ(pthread)+Rerank,nlist=64,m=48,nprobe=8,L=200,0.852,1854
IVF-PQ(pthread)+Rerank,nlist=64,m=48,nprobe=8,L=500,0.9315,1781
IVF-PQ(pthread)+Rerank,nlist=64,m=48,nprobe=12,L=100,0.726,1925
IVF-PQ(pthread)+Rerank,nlist=64,m=48,nprobe=12,L=200,0.834,1920
IVF-PQ(pthread)+Rerank,nlist=64,m=48,nprobe=12,L=500,0.9315,1868
IVF-PQ(pthread)+Rerank,nlist=64,m=48,nprobe=16,L=100,0.6995,3923
IVF-PQ(pthread)+Rerank,nlist=64,m=48,nprobe=16,L=200,0.8135,5792
IVF-PQ(pthread)+Rerank,nlist=64,m=48,nprobe=16,L=500,0.924,6803
IVF-PQ(pthread)+Rerank,nlist=64,m=48,nprobe=20,L=100,0.678,6692
IVF-PQ(pthread)+Rerank,nlist=64,m=48,nprobe=20,L=200,0.793,7110
IVF-PQ(pthread)+Rerank,nlist=64,m=48,nprobe=20,L=500,0.9115,6123
IVF-PQ(pthread)+Rerank,nlist=64,m=48,nprobe=24,L=100,0.6595,3904
IVF-PQ(pthread)+Rerank,nlist=64,m=48,nprobe=24,L=200,0.7795,3525
IVF-PQ(pthread)+Rerank,nlist=64,m=48,nprobe=24,L=500,0.902,4170
IVF-PQ(pthread)+Rerank,nlist=64,m=48,nprobe=32,L=100,0.628,6855
IVF-PQ(pthread)+Rerank,nlist=64,m=48,nprobe=32,L=200,0.758,5428
IVF-PQ(pthread)+Rerank,nlist=64,m=48,nprobe=32,L=500,0.8835,6585
IVF-PQ(pthread)+Rerank,nlist=64,m=48,nprobe=64,L=100,0.5655,8222
IVF-PQ(pthread)+Rerank,nlist=64,m=48,nprobe=64,L=200,0.6935,7807
IVF-PQ(pthread)+Rerank,nlist=64,m=48,nprobe=64,L=500,0.828,8529
IVF-PQ(pthread)+Rerank,nlist=64,m=8,nprobe=4,L=100,0.654,3893
IVF-PQ(pthread)+Rerank,nlist=64,m=8,nprobe=4,L=200,0.769,2404
IVF-PQ(pthread)+Rerank,nlist=64,m=8,nprobe=4,L=500,0.862,2111
IVF-PQ(pthread)+Rerank,nlist=64,m=8,nprobe=8,L=100,0.5925,1837
IVF-PQ(pthread)+Rerank,nlist=64,m=8,nprobe=8,L=200,0.718,1809
IVF-PQ(pthread)+Rerank,nlist=64,m=8,nprobe=8,L=500,0.86,2890
IVF-PQ(pthread)+Rerank,nlist=64,m=8,nprobe=12,L=100,0.549,2029
IVF-PQ(pthread)+Rerank,nlist=64,m=8,nprobe=12,L=200,0.6875,5545
IVF-PQ(pthread)+Rerank,nlist=64,m=8,nprobe=12,L=500,0.836,3447
IVF-PQ(pthread)+Rerank,nlist=64,m=8,nprobe=16,L=100,0.525,3088
IVF-PQ(pthread)+Rerank,nlist=64,m=8,nprobe=16,L=200,0.653,6795
IVF-PQ(pthread)+Rerank,nlist=64,m=8,nprobe=16,L=500,0.813,4068
IVF-PQ(pthread)+Rerank,nlist=64,m=8,nprobe=20,L=100,0.499,4217
IVF-PQ(pthread)+Rerank,nlist=64,m=8,nprobe=20,L=200,0.627,8286
IVF-PQ(pthread)+Rerank,nlist=64,m=8,nprobe=20,L=500,0.7895,8367
IVF-PQ(pthread)+Rerank,nlist=64,m=8,nprobe=24,L=100,0.4805,6138
IVF-PQ(pthread)+Rerank,nlist=64,m=8,nprobe=24,L=200,0.6115,7852
IVF-PQ(pthread)+Rerank,nlist=64,m=8,nprobe=24,L=500,0.775,5552
IVF-PQ(pthread)+Rerank,nlist=64,m=8,nprobe=32,L=100,0.4485,8088
IVF-PQ(pthread)+Rerank,nlist=64,m=8,nprobe=32,L=200,0.587,4403
IVF-PQ(pthread)+Rerank,nlist=64,m=8,nprobe=32,L=500,0.749,7351
IVF-PQ(pthread)+Rerank,nlist=64,m=8,nprobe=64,L=100,0.3945,5242
IVF-PQ(pthread)+Rerank,nlist=64,m=8,nprobe=64,L=200,0.523,3813
IVF-PQ(pthread)+Rerank,nlist=64,m=8,nprobe=64,L=500,0.6795,7234
